"file","language","code","blank","comment"
".\src\tools\pmd-sky\ItemData.ts","TypeScript","1328","2","0"
".\src\app\(boffmedia)\styles\components\page.tsx","TypeScript","773","40","1"
".\src\app\smartrotom\pc\page.tsx","TypeScript","673","70","40"
".\src\tools\pmd-sky\PokemonData.ts","TypeScript","580","6","4"
".\src\app\(boffmedia)\(eventos)\eventos\[id]\logros\page.tsx","TypeScript","478","46","0"
".\src\app\smartrotom\pokedex\movimientos\_components\MoveEffect.tsx","TypeScript","475","26","0"
".\src\app\(boffmedia)\(herramientas)\otros\keys\_components\SteamDialog.tsx","TypeScript","472","33","2"
".\src\app\smartrotom\arcade\squirdle\_components\RetroPokemonGuesser.tsx","TypeScript","458","42","0"
".\src\tools\pmd-sky\Generate.ts","TypeScript","456","142","130"
".\src\app\smartrotom\chatapp\_components\Chat.tsx","TypeScript","402","58","24"
".\src\app\(boffmedia)\(eventos)\eventos\[id]\_components\AchievementsSection.tsx","TypeScript","401","47","15"
".\src\app\smartrotom\pc\components\filter\FilterPanel.tsx","TypeScript","393","22","7"
".\src\app\smartrotom\arcade\typedoku\page.tsx","TypeScript","380","40","3"
".\src\app\smartrotom\arcade\voltorb\_components\VoltorbFlipGame.tsx","TypeScript","374","49","3"
".\src\app\smartrotom\starbank\page.tsx","TypeScript","371","28","29"
".\src\lib\pokemonSpecParser.ts","TypeScript","364","66","10"
".\src\app\smartrotom\arcade\test\_components\PokemonAnimation.tsx","TypeScript","356","29","9"
".\src\app\smartrotom\pc\components\team\BattleTeamsPanel.tsx","TypeScript","350","29","3"
".\src\components\smartrotom\ficusai\CompletePokemonCard.tsx","TypeScript","340","29","8"
".\src\app\smartrotom\starbank\cuentas\page.tsx","TypeScript","338","29","4"
".\src\app\smartrotom\pokedex\entrada\[[...params]]\_components\StatsTable.tsx","TypeScript","337","26","7"
".\tailwind.config.ts","TypeScript","335","5","17"
".\src\app\smartrotom\starbank\_components\SendMoney.tsx","TypeScript","328","38","2"
".\src\components\common\map\StandardizedMap.tsx","TypeScript","327","60","25"
".\src\app\(boffmedia)\admin\events\_components\achievements\AchievementForm.tsx","TypeScript","312","18","0"
".\src\app\(boffmedia)\(herramientas)\mhwilds\tree\page.tsx","TypeScript","311","49","33"
".\src\app\(boffmedia)\(herramientas)\mhwilds\builds\planner\_components\BuildHeader.tsx","TypeScript","311","24","13"
".\src\app\(boffmedia)\(herramientas)\mhwilds\builds\planner\_components\BuildDisplay.tsx","TypeScript","310","23","57"
".\src\app\(boffmedia)\admin\events\_components\events\EventForm.tsx","TypeScript","309","19","1"
".\src\app\smartrotom\arcade\page.tsx","TypeScript","306","27","3"
".\src\app\smartrotom\starbank\transacciones\_components\TransactionsTable.tsx","TypeScript","301","10","1"
".\src\app\battlesim\_components\PokemonDetail.tsx","TypeScript","300","26","2"
".\src\components\smartrotom\MinecraftAuthForm.tsx","TypeScript","298","35","4"
".\src\app\(boffmedia)\_components\sections\EventsSection.tsx","TypeScript","298","27","4"
".\src\services\api\boffmedia\ptcgpService.ts","TypeScript","295","67","106"
".\src\app\(boffmedia)\(herramientas)\mhwilds\builds\planner\_components\SkillsList.tsx","TypeScript","294","30","12"
".\src\app\smartrotom\admin\apps\page.tsx","TypeScript","288","20","10"
".\src\app\(boffmedia)\(herramientas)\otros\page.tsx","TypeScript","287","15","0"
".\src\app\smartrotom\pc\hooks\useFilterManagement.ts","TypeScript","281","46","23"
".\src\types\tools\mhwilds.ts","TypeScript","279","28","1"
".\src\app\(boffmedia)\(herramientas)\mhwilds\builds\planner\_components\ComponentSlot.tsx","TypeScript","279","21","10"
".\tailwind.config copy.ts","TypeScript","274","5","18"
".\src\app\(boffmedia)\_components\UserProfile.tsx","TypeScript","273","30","17"
".\src\app\smartrotom\pokedex\dexUtils.tsx","TypeScript","272","37","4"
".\src\components\ui\primitives\dropdown-menu.tsx","TypeScript","265","41","1"
".\src\app\(boffmedia)\(herramientas)\pokemon\tcgpocket\cartas\[...params]\page.tsx","TypeScript","261","21","2"
".\src\app\(boffmedia)\(herramientas)\mhwilds\builds\planner\_components\DecorationSelector.tsx","TypeScript","261","25","20"
".\src\app\battlesim\calc\_components\FieldSelector.tsx","TypeScript","260","18","3"
".\src\app\battlesim\_hooks\useBattleFlow.tsx","TypeScript","259","46","21"
".\src\services\mcef\mcefApi.ts","TypeScript","258","42","23"
".\src\app\smartrotom\pasaporte\_components\Badges.tsx","TypeScript","257","25","6"
".\src\app\(boffmedia)\(eventos)\eventos\[id]\_components\AchievementsSummary.tsx","TypeScript","257","26","9"
".\src\services\boffAPI.ts","TypeScript","254","46","6"
".\src\app\smartrotom\arcade\test\_components\PmdSprite2.tsx","TypeScript","253","37","0"
".\src\app\(boffmedia)\(herramientas)\mhwilds\builds\planner\_components\EquipmentFilters.tsx","TypeScript","249","29","3"
".\src\app\smartrotom\furrettoday\leer\[id]\page.tsx","TypeScript","248","27","0"
".\src\app\smartrotom\pc\components\team\TeamSlot.tsx","TypeScript","245","18","3"
".\src\app\smartrotom\arcade\loot\_components\collection\ClaimRewardsModal.tsx","TypeScript","245","32","8"
".\src\app\smartrotom\pokedex\entrada\[[...params]]\_components\EvolutionConditions.tsx","TypeScript","243","31","4"
".\src\app\smartrotom\mewtwitch\_services\twitchAPI.ts","TypeScript","243","35","27"
".\src\app\smartrotom\pc\components\team\BattleTeamSlot.tsx","TypeScript","241","19","4"
".\src\app\smartrotom\(debug)\error-preview\page.tsx","TypeScript","241","24","2"
".\src\app\(boffmedia)\(herramientas)\pokemon\tcgpocket\_components\PlayerGallery.tsx","TypeScript","240","24","0"
".\src\components\ui\primitives\image-upload.tsx","TypeScript","239","28","4"
".\src\app\battlesim\calc\_hooks\usePokemonPanelHandlers.ts","TypeScript","233","36","19"
".\src\app\smartrotom\furrettoday\_components\PopStyles.tsx","TypeScript","232","41","16"
".\src\app\(boffmedia)\(herramientas)\mhwilds\builds\planner\_components\equipment-utils.ts","TypeScript","230","36","16"
".\src\app\smartrotom\starbank\graficas\page.tsx","TypeScript","229","30","22"
".\src\app\smartrotom\mina\jugar\page.tsx","TypeScript","229","27","7"
".\src\components\ui\navigation\RotomNav.tsx","TypeScript","227","12","12"
".\src\app\smartrotom\pc\components\box\BoxHeader.tsx","TypeScript","227","18","4"
".\src\app\(boffmedia)\(herramientas)\herramientas\page.tsx","TypeScript","226","15","1"
".\src\tools\pmd-sky\DungeonData.ts","TypeScript","224","5","1"
".\src\app\battlesim\calc\_hooks\useDamageCalculation.ts","TypeScript","218","30","19"
".\src\app\(boffmedia)\(herramientas)\mhwilds\builds\planner\_components\EquipmentSelector.tsx","TypeScript","218","26","14"
".\src\app\wingull\pueblos\[pueblo]\_components\properties\PropertyCard.tsx","TypeScript","214","11","2"
".\src\app\smartrotom\taxi\page.tsx","TypeScript","212","35","1"
".\src\app\smartrotom\chatapp\_components\Message.tsx","TypeScript","211","19","2"
".\src\app\smartrotom\starbank\transacciones\page.tsx","TypeScript","210","25","2"
".\src\app\(boffmedia)\logros\page.tsx","TypeScript","209","8","0"
".\src\components\ui\primitives\command.tsx","TypeScript","206","37","0"
".\src\app\wingull\pueblos\[pueblo]\_components\map\MarkerDetailsPanel.tsx","TypeScript","205","15","2"
".\src\app\smartrotom\chatapp\_components\Contact.tsx","TypeScript","205","15","0"
".\src\app\smartrotom\admin\carteles\page.tsx","TypeScript","204","14","1"
".\src\app\wingull\invitacion\[id]\_components\InvitacionForm.tsx","TypeScript","203","7","0"
".\src\app\(boffmedia)\(herramientas)\mhwilds\builds\planner\_components\SavedBuildsManager.tsx","TypeScript","201","14","2"
".\src\app\smartrotom\pc\components\box\PokemonSlot.tsx","TypeScript","200","19","16"
".\src\app\wingull\pueblos\page.tsx","TypeScript","198","18","1"
".\src\app\smartrotom\admin\page.tsx","TypeScript","198","18","3"
".\src\app\(boffmedia)\(herramientas)\mhwilds\builds\planner\_hooks\useGameData.tsx","TypeScript","198","34","28"
".\src\app\smartrotom\bidkea\page.tsx","TypeScript","196","14","0"
".\src\app\smartrotom\admin\arceuspeak\_components\CharacterCreator.tsx","TypeScript","196","20","1"
".\src\app\battlesim\_components\BattlePreview.tsx","TypeScript","195","26","1"
".\src\hooks\useBaseSpinnerAnimation.ts","TypeScript","194","50","9"
".\src\app\showdown\page.tsx","TypeScript","194","36","6"
".\src\types\Pokemon.ts","TypeScript","193","29","0"
".\src\app\smartrotom\pc\components\details\PokemonDetails.tsx","TypeScript","193","18","8"
".\src\app\battlesim\dex\_hooks\useFilteredPokemon.ts","TypeScript","193","20","16"
".\src\app\(boffmedia)\(herramientas)\pokemon\tcgpocket\_components\PlayerGalleryHeader.tsx","TypeScript","192","11","0"
".\src\components\smartrotom\calls\CallStatus.tsx","TypeScript","191","24","0"
".\src\components\ui\primitives\table.tsx","TypeScript","190","30","0"
".\src\features\authOptions.ts","TypeScript","190","15","8"
".\src\hooks\_main\useArcadeStreak.ts","TypeScript","190","18","5"
".\src\app\(boffmedia)\(herramientas)\mhwilds\builds\planner\_utils\buildUtils.ts","TypeScript","190","31","48"
".\src\app\smartrotom\taxi\components\ListView.tsx","TypeScript","190","11","4"
".\src\components\smartrotom\RotomErrorSystem.ts","TypeScript","190","22","23"
".\src\app\smartrotom\starbank\_components\SideMenu.tsx","TypeScript","189","2","0"
".\src\app\auth\AuthForm.tsx","TypeScript","189","15","0"
".\src\app\(boffmedia)\(herramientas)\mhwilds\builds\planner\page.tsx","TypeScript","189","14","12"
".\src\services\api\boffmedia\usersService.ts","TypeScript","188","44","78"
".\src\app\smartrotom\starbank\graficas\_components\TransactionCharts.tsx","TypeScript","188","21","10"
".\src\components\smartrotom\ficusai\PokemonMovesCard.tsx","TypeScript","187","18","8"
".\src\components\smartrotom\RotomError.tsx","TypeScript","187","18","5"
".\src\app\smartrotom\starbank\calendario\page.tsx","TypeScript","187","32","14"
".\src\app\battlesim\calc\_components\SideConditions.tsx","TypeScript","186","17","0"
".\src\app\smartrotom\arcade\loot\_components\_main\LootBoxGame.tsx","TypeScript","185","22","7"
".\src\app\smartrotom\pc\components\box\DualBoxGrid.tsx","TypeScript","184","15","2"
".\src\app\(boffmedia)\(eventos)\clasificacion\page.tsx","TypeScript","184","22","0"
".\src\app\smartrotom\pc\hooks\usePokemonMovement.ts","TypeScript","182","39","30"
".\src\app\smartrotom\pc\components\box\FilterBox.tsx","TypeScript","182","27","29"
".\src\app\(boffmedia)\(herramientas)\mhwilds\builds\planner\_components\StatsDisplay.tsx","TypeScript","182","15","1"
".\src\app\smartrotom\pc\components\details\PokemonCard.tsx","TypeScript","181","13","0"
".\src\app\smartrotom\pc\utils\filterUtils.ts","TypeScript","180","29","38"
".\src\app\battlesim\_components\BattleCanvas.tsx","TypeScript","180","19","0"
".\src\components\ui\primitives\navigation-menu.tsx","TypeScript","179","22","0"
".\src\components\ui\primitives\select.tsx","TypeScript","179","22","1"
".\src\components\ui\primitives\alert-dialog.tsx","TypeScript","179","28","0"
".\src\app\smartrotom\notas\_components\ShareDocumentDialog.tsx","TypeScript","179","19","3"
".\src\app\smartrotom\pc\components\box\BoxSelectionDialog.tsx","TypeScript","179","15","0"
".\src\services\api\smartrotom\pokemonService.ts","TypeScript","178","51","101"
".\src\lib\smartrotom\pokemonAnimations.ts","TypeScript","176","17","23"
".\src\app\(boffmedia)\(herramientas)\mhwilds\builds\planner\_components\CurrentEquipment.tsx","TypeScript","175","17","3"
".\src\app\smartrotom\chatapp\_components\ImageMessage.tsx","TypeScript","174","11","0"
".\src\app\(boffmedia)\(herramientas)\mhwilds\builds\planner\_components\CharmSelector.tsx","TypeScript","174","17","5"
".\src\app\(boffmedia)\(herramientas)\otros\sorteos\_components\ParticipantsList.tsx","TypeScript","173","9","0"
".\src\app\smartrotom\admin\carteles\_components\HighwaySign.tsx","TypeScript","172","11","0"
".\src\app\smartrotom\chatapp\_components\CreateGroup.tsx","TypeScript","171","10","0"
".\src\app\(boffmedia)\(eventos)\eventos\_components\EventCard.tsx","TypeScript","171","22","0"
".\src\app\(boffmedia)\(eventos)\eventos\[id]\_components\EventHero.tsx","TypeScript","171","18","0"
".\src\app\smartrotom\arcade\maze\_components\BindingOfIsaacMaze.tsx","TypeScript","170","19","0"
".\src\app\battlesim\dex\_components\PokemonDetail.tsx","TypeScript","169","16","3"
".\src\app\smartrotom\starbank\calendario\_components\FinancialCalendar.tsx","TypeScript","168","20","10"
".\src\app\battlesim\page copy.tsx","TypeScript","168","59","47"
".\src\app\battlesim\replay\_components\Game.tsx","TypeScript","167","22","17"
".\src\app\smartrotom\arcade\puzle\page.tsx","TypeScript","167","18","0"
".\src\app\(boffmedia)\(herramientas)\otros\sorteos\_components\WinnerDisplay.tsx","TypeScript","167","14","0"
".\src\app\(boffmedia)\(herramientas)\pokemon\tcgpocket\page.tsx","TypeScript","167","9","0"
".\src\components\ui\primitives\sheet.tsx","TypeScript","166","26","0"
".\src\app\smartrotom\arcade\voltorb\_components\RulesModal.tsx","TypeScript","166","8","0"
".\src\app\smartrotom\chatapp\_components\WaypointPicker.tsx","TypeScript","163","11","0"
".\src\app\smartrotom\arcade\test\tama\_components\TamagotchiScreen.tsx","TypeScript","162","8","0"
".\src\app\smartrotom\mewtwitch\_components\TwitchResults.tsx","TypeScript","160","18","0"
".\src\app\smartrotom\misiones\page.tsx","TypeScript","160","9","0"
".\src\app\smartrotom\pokedex\_components\PokemonSprite.tsx","TypeScript","160","20","2"
".\src\app\battlesim\_components\BattleEndScreen.tsx","TypeScript","160","19","3"
".\src\app\smartrotom\admin\arceuspeak\page.tsx","TypeScript","160","16","1"
".\src\app\smartrotom\arcade\test\_hooks\useAnimationLogic.ts","TypeScript","160","21","1"
".\src\components\smartrotom\shared\BaseHistory.tsx","TypeScript","159","13","0"
".\src\services\api\smartrotom\arcadeService.ts","TypeScript","159","31","70"
".\src\app\wingull\pueblos\[pueblo]\_components\map\TownMap.tsx","TypeScript","159","24","5"
".\src\app\(boffmedia)\(herramientas)\pokemon\tcgpocket\cartas\page.tsx","TypeScript","159","25","4"
".\src\app\battlesim\dex\_context\DexContext.tsx","TypeScript","159","28","18"
".\src\app\smartrotom\admin\rendimiento\page.tsx","TypeScript","158","12","1"
".\src\services\api\boffmedia\eventsService.ts","TypeScript","154","46","120"
".\src\components\ui\navigation\FicusNav.tsx","TypeScript","153","11","0"
".\src\lib\smartrotom\pokemonDisplayUtils.tsx","TypeScript","153","24","18"
".\src\components\smartrotom\calls\ExpandedView.tsx","TypeScript","153","14","0"
".\src\components\smartrotom\shared\BaseCard.tsx","TypeScript","153","16","3"
".\src\app\smartrotom\taxi\components\MapView.tsx","TypeScript","152","20","9"
".\src\app\wingull\pueblos\[pueblo]\_components\map\MapMarkers.tsx","TypeScript","152","12","0"
".\src\components\ui\primitives\form.tsx","TypeScript","152","24","0"
".\src\app\battlesim\_hooks\useGameState.tsx","TypeScript","152","22","12"
".\src\app\smartrotom\furrettoday\editar\_components\NewsEditor.tsx","TypeScript","152","18","0"
".\src\app\smartrotom\pc\hooks\usePCManagement.ts","TypeScript","152","28","1"
".\src\app\smartrotom\pokedex\entrada\[[...params]]\_components\ClientBasicInfo.tsx","TypeScript","151","10","0"
".\src\app\smartrotom\mewtwitch\user\_components\UserTabs.tsx","TypeScript","151","16","1"
".\src\components\ui\primitives\dialog.tsx","TypeScript","150","24","0"
".\src\app\smartrotom\arcade\loot\_components\opening\LootBoxOdds.tsx","TypeScript","150","22","9"
".\src\app\smartrotom\mewtwitch\types.ts","TypeScript","148","18","3"
".\src\app\smartrotom\mewtube\channel\[id]\page.tsx","TypeScript","148","19","1"
".\src\app\(boffmedia)\(herramientas)\mhwilds\builds\planner\_components\EquipmentItem.tsx","TypeScript","148","15","3"
".\src\services\api\smartrotom\ficusAiService.ts","TypeScript","147","26","51"
".\src\lib\dnd-kit-setup.ts","TypeScript","147","24","16"
".\src\components\ui\primitives\combobox.tsx","TypeScript","145","9","0"
".\src\app\battlesim\dex\_components\PokemonListTable.tsx","TypeScript","145","10","3"
".\src\app\(boffmedia)\(herramientas)\otros\sorteos\_components\GiveawayControls.tsx","TypeScript","145","13","0"
".\src\app\smartrotom\furrettoday\editar\[id]\page.tsx","TypeScript","144","13","0"
".\src\lib\smartrotom\performanceUtils.tsx","TypeScript","143","26","12"
".\src\app\smartrotom\furrettoday\editar\_components\NewsList.tsx","TypeScript","143","13","0"
".\src\components\smartrotom\apps\AppGrid.tsx","TypeScript","142","22","10"
".\src\app\battlesim\dex\_components\PokemonGrid.tsx","TypeScript","141","16","4"
".\src\app\(boffmedia)\(politicas)\terminos\page.tsx","TypeScript","141","14","0"
".\src\components\boffmedia\tools\FeaturedTool.tsx","TypeScript","140","16","1"
".\src\app\battlesim\calc\_context\CalcContext.tsx","TypeScript","140","27","16"
".\src\components\common\ckeditor\TestEditor.tsx","TypeScript","139","6","3"
".\src\app\smartrotom\pc\components\details\PokemonTypeEffectiveness.tsx","TypeScript","139","9","0"
".\src\app\smartrotom\starbank\_util\TransactionFilter.ts","TypeScript","137","17","0"
".\src\app\smartrotom\pokedex\entrada\[[...params]]\_components\MovesTable.tsx","TypeScript","137","17","3"
".\src\app\(boffmedia)\admin\events\_components\teams\TeamForm.tsx","TypeScript","137","11","0"
".\src\components\boffmedia\sections\SectionHeader.tsx","TypeScript","136","4","3"
".\src\app\smartrotom\camara\page.tsx","TypeScript","136","17","0"
".\src\app\smartrotom\arcade\loot\_hooks\useLootBoxInventory.ts","TypeScript","136","20","14"
".\src\app\wingull\pueblos\[pueblo]\_components\shared\image\ImageShowcase.tsx","TypeScript","135","14","1"
".\src\app\smartrotom\pokedex\movimientos\_components\MoveData.tsx","TypeScript","135","14","0"
".\src\app\smartrotom\mewtwitch\_components\StreamCard.tsx","TypeScript","134","17","4"
".\src\app\smartrotom\pc\components\details\PokemonMoves.tsx","TypeScript","134","13","0"
".\src\app\battlesim\calc\_components\MovesResultsOverview.tsx","TypeScript","134","11","3"
".\src\app\smartrotom\chatapp\_components\WaypointMessage.tsx","TypeScript","134","8","0"
".\src\app\smartrotom\arcade\_components\ArcadeGameCard.tsx","TypeScript","133","20","4"
".\src\app\smartrotom\pasaporte\_components\PlayerStatsPage.tsx","TypeScript","132","16","3"
".\src\components\boffmedia\layouts\GameToolsLayout\DesktopSidebar.tsx","TypeScript","132","10","0"
".\src\app\smartrotom\arcade\_components\daily\ClaimSection.tsx","TypeScript","132","11","0"
".\src\app\battlesim\_utils\SceneEffects.ts","TypeScript","132","37","26"
".\src\app\battlesim\calc\_components\panel\PokemonDetails.tsx","TypeScript","132","12","3"
".\src\app\smartrotom\mewtwitch\game\[id]\page.tsx","TypeScript","131","16","2"
".\src\app\smartrotom\furrettoday\_components\CardComponent.tsx","TypeScript","131","12","1"
".\src\app\smartrotom\chatapp\_components\EmojiStickerMenu.tsx","TypeScript","131","7","2"
".\src\app\smartrotom\notas\_components\DocumentsList.tsx","TypeScript","130","9","0"
".\src\app\smartrotom\mewtwitch\_components\ContentGrid.tsx","TypeScript","130","12","1"
".\src\app\(boffmedia)\(herramientas)\mhwilds\builds\planner\_utils\calculationUtils.ts","TypeScript","130","21","25"
".\src\i18n\request.ts","TypeScript","129","25","30"
".\src\app\smartrotom\pc\components\layout\PCHeader.tsx","TypeScript","128","8","0"
".\src\app\(boffmedia)\(herramientas)\pokemon\tcgpocket\_components\BestPackDialog.tsx","TypeScript","128","8","0"
".\src\app\smartrotom\furrettoday\page.tsx","TypeScript","127","13","0"
".\src\app\smartrotom\mewtube\channel\_components\ChannelTabs.tsx","TypeScript","127","12","0"
".\src\app\smartrotom\pokedex\habilidades\[id]\page.tsx","TypeScript","127","10","0"
".\src\app\battlesim\_utils\PokemonSprite.ts","TypeScript","127","35","41"
".\src\app\smartrotom\chatapp\_components\ImageGalleryPicker.tsx","TypeScript","127","9","45"
".\src\app\smartrotom\furrettoday\_components\PopArtWallpaper.tsx","TypeScript","127","14","0"
".\src\app\smartrotom\arcade\test\tama\_hooks\useTamagotchi.ts","TypeScript","126","12","1"
".\src\stores\pokemonStore.ts","TypeScript","125","18","7"
".\src\components\smartrotom\calls\CollapsedView.tsx","TypeScript","125","12","0"
".\src\app\(boffmedia)\(herramientas)\otros\sorteos\page.tsx","TypeScript","125","15","4"
".\src\components\boffmedia\tools\ToolsPageLayout.tsx","TypeScript","124","12","0"
".\src\app\smartrotom\misiones\_utils\questLogUtils.tsx","TypeScript","124","5","0"
".\src\app\(boffmedia)\(politicas)\privacidad\page.tsx","TypeScript","124","11","0"
".\src\app\wingull\page.tsx","TypeScript","123","13","0"
".\src\app\smartrotom\pokedex\tipos\_components\FullTypeChart.tsx","TypeScript","122","12","2"
".\src\components\smartrotom\apps\AppSlot.tsx","TypeScript","121","9","2"
".\src\components\ui\display\OrbitingElementsCloud.tsx","TypeScript","121","3","0"
".\src\services\api\smartrotom\wingullService.ts","TypeScript","121","38","88"
".\src\app\smartrotom\admin\_components\GlitchStyles.tsx","TypeScript","121","14","2"
".\src\app\(boffmedia)\(eventos)\eventos\_components\EventRegistrationButton.tsx","TypeScript","121","19","6"
".\src\app\(boffmedia)\(eventos)\juegos\_components\GameCard.tsx","TypeScript","121","10","0"
".\src\app\battlesim\calc\_components\panel\StatDisplay.tsx","TypeScript","121","19","7"
".\src\app\(boffmedia)\(herramientas)\mhwilds\builds\planner\_hooks\useBuildState.tsx","TypeScript","120","13","8"
".\src\app\smartrotom\starbank\_components\TopBar.tsx","TypeScript","119","9","3"
".\src\app\smartrotom\arcade\loot\_components\collection\ItemCollection.tsx","TypeScript","119","14","3"
".\src\app\(boffmedia)\(herramientas)\pokemon\tcgpocket\_components\CollectionGroup.tsx","TypeScript","119","9","0"
".\src\components\smartrotom\twitch\ContentGrid.tsx","TypeScript","118","9","1"
".\src\app\smartrotom\arcade\loot\_components\selector\BoxCarousel.tsx","TypeScript","118","11","0"
".\src\app\smartrotom\camara\_components\ScreenshotPreviewDialog.tsx","TypeScript","117","12","0"
".\src\app\smartrotom\arcade\test\tama\page.tsx","TypeScript","116","13","1"
".\src\app\wingull\pueblos\[pueblo]\_components\amenities\AmenityCard.tsx","TypeScript","115","11","1"
".\src\config\gameTools.ts","TypeScript","115","7","1"
".\src\app\(boffmedia)\_components\sections\GameSpotlightCard.tsx","TypeScript","115","5","5"
".\src\app\smartrotom\pokedex\_components\PossibleSpawns.tsx","TypeScript","115","15","0"
".\src\components\smartrotom\AppWrapper.tsx","TypeScript","114","17","15"
".\src\app\smartrotom\pokedex\tipos\_components\TypeEffectivenessTable.tsx","TypeScript","114","13","4"
".\src\app\smartrotom\pokedex\tipos\page.tsx","TypeScript","113","10","0"
".\src\components\ui\primitives\accordion.tsx","TypeScript","113","19","0"
".\src\app\smartrotom\arcade\maze\utils\mazeGenerator.ts","TypeScript","113","26","9"
".\src\app\smartrotom\camara\_components\ScreenshotMetadata.tsx","TypeScript","113","7","0"
".\src\tools\pmd-sky\QuestData.ts","TypeScript","112","27","17"
".\src\components\ui\navigation\DropdownMenu.tsx","TypeScript","112","11","2"
".\src\app\smartrotom\mina\utils.ts","TypeScript","112","26","2"
".\src\app\smartrotom\pokedex\localizacion\[id]\page.tsx","TypeScript","111","10","1"
".\src\app\smartrotom\taxi\components\SelectedStopDetails.tsx","TypeScript","111","9","0"
".\src\app\battlesim\calc\_hooks\usePokemonState.ts","TypeScript","111","12","1"
".\src\app\page2.tsx","TypeScript","111","6","0"
".\src\app\smartrotom\pokedex\tipos\_components\DualTypeAnalysis.tsx","TypeScript","110","9","3"
".\src\app\smartrotom\arcade\_components\daily\WeeklyStreak.tsx","TypeScript","110","15","3"
".\src\app\battlesim\calc\_components\PokemonPanel.tsx","TypeScript","110","13","1"
".\src\app\smartrotom\pokedex\entrada\[[...params]]\_components\SpawnTable.tsx","TypeScript","109","10","0"
".\src\app\smartrotom\mewtube\types.ts","TypeScript","108","6","2"
".\src\app\(boffmedia)\(herramientas)\mhwilds\tree\page copy.tsx","TypeScript","108","17","9"
".\src\components\boffmedia\leaderboard\LeaderboardCard.tsx","TypeScript","107","12","0"
".\src\components\boffmedia\layouts\GameToolsLayout\MobileSidebar.tsx","TypeScript","107","7","1"
".\src\app\smartrotom\pokedex\entrada\[[...params]]\_components\PokemonList.tsx","TypeScript","107","9","0"
".\src\app\smartrotom\pc\hooks\usePCWithFilters.ts","TypeScript","106","20","25"
".\src\app\(boffmedia)\_components\sections\CommunitySection.tsx","TypeScript","106","10","0"
".\src\app\smartrotom\starbank\enviar\page.tsx","TypeScript","105","6","0"
".\src\app\(boffmedia)\_components\layout\BoffFooter.tsx","TypeScript","105","2","0"
".\src\app\(boffmedia)\(herramientas)\pokemon\tcgpocket\_components\CardItem.tsx","TypeScript","105","3","0"
".\src\app\smartrotom\pokedex\habilidades\page.tsx","TypeScript","104","8","0"
".\src\components\smartrotom\minecraft\CabezaMC.tsx","TypeScript","103","14","3"
".\src\types\events.ts","TypeScript","103","9","4"
".\src\app\wingull\pueblos\[pueblo]\page.tsx","TypeScript","103","17","0"
".\src\app\smartrotom\chatapp\_components\AttachmentMenu.tsx","TypeScript","103","9","0"
".\src\app\smartrotom\pasaporte\page.tsx","TypeScript","103","8","0"
".\src\components\ui\primitives\card.tsx","TypeScript","102","17","0"
".\src\tools\pmd-sky\store.ts","TypeScript","102","16","1"
".\src\components\common\book\book.tsx","TypeScript","102","21","0"
".\src\app\(boffmedia)\(herramientas)\otros\keys\_components\KeyRow.tsx","TypeScript","102","2","0"
".\src\app\smartrotom\chatapp\_components\DocumentPicker.tsx","TypeScript","102","10","0"
".\src\app\smartrotom\pokedex\movimientos\[id]\page.tsx","TypeScript","101","8","0"
".\src\app\smartrotom\pokedex\movimientos\page.tsx","TypeScript","101","8","0"
".\src\app\smartrotom\mewtwitch\user\[username]\page.tsx","TypeScript","101","13","3"
".\src\app\smartrotom\pc\components\filter\SortDropdown.tsx","TypeScript","101","9","0"
".\src\components\boffmedia\tools\ToolsGrid.tsx","TypeScript","100","8","0"
".\src\components\smartrotom\ficusai\useFicusChat.ts","TypeScript","100","13","9"
".\src\app\(boffmedia)\_components\sections\WingullSpotlight.tsx","TypeScript","100","5","0"
".\src\app\(boffmedia)\admin\events\_components\games\GameForm.tsx","TypeScript","100","9","0"
".\src\lib\utils.ts","TypeScript","99","29","4"
".\src\app\smartrotom\chatapp\page.tsx","TypeScript","98","9","2"
".\src\app\battlesim\_utils\Scene.ts","TypeScript","98","20","8"
".\src\components\boffmedia\sections\SectionEmpty.tsx","TypeScript","97","10","0"
".\src\app\smartrotom\starbank\graficas\_components\TransactionTypeDistribution.tsx","TypeScript","97","12","3"
".\src\app\smartrotom\starbank\graficas\_components\DateRangeSelector.tsx","TypeScript","97","9","4"
".\src\app\smartrotom\arcade\voltorb\_components\GameGrid2.tsx","TypeScript","96","6","0"
".\src\components\boffmedia\sections\SectionFilters.tsx","TypeScript","96","5","0"
".\src\app\battlesim\replay\_components\ReplayControls.tsx","TypeScript","96","6","3"
".\src\app\(boffmedia)\(eventos)\juegos\[id]\_components\GameHero.tsx","TypeScript","96","12","0"
".\src\app\(boffmedia)\(herramientas)\mhwilds\builds\planner\_components\SharpnessBar.tsx","TypeScript","96","15","10"
".\src\app\smartrotom\chatapp\_components\DocumentMessage.tsx","TypeScript","95","6","0"
".\src\app\smartrotom\arcade\_components\daily\DayReward.tsx","TypeScript","95","12","2"
".\src\app\battlesim\dex\_components\DexHeader.tsx","TypeScript","94","5","0"
".\src\app\(boffmedia)\admin\events\_components\achievements\AchievementsTab.tsx","TypeScript","94","13","0"
".\src\components\smartrotom\shared\BaseSearchHeader.tsx","TypeScript","93","11","0"
".\src\services\api\smartrotom\minaService.ts","TypeScript","93","24","57"
".\src\app\battlesim\_components\BattlePreviewAvatar.tsx","TypeScript","93","10","8"
".\src\app\wingull\pueblos\[pueblo]\_components\sections\HeroSection.tsx","TypeScript","93","4","0"
".\src\app\smartrotom\pokedex\entrada\[[...params]]\page.tsx","TypeScript","92","22","0"
".\src\app\smartrotom\pokedex\spawns\page.tsx","TypeScript","92","6","0"
".\src\app\smartrotom\chatapp\_components\VideoMessage.tsx","TypeScript","92","5","0"
".\src\app\(boffmedia)\(herramientas)\cloc\page.tsx","TypeScript","92","7","0"
".\src\app\smartrotom\camara\_components\CameraZoomSlider.tsx","TypeScript","92","15","4"
".\src\lib\pokemonColors.ts","TypeScript","91","16","30"
".\src\app\smartrotom\starbank\graficas\_components\TransactionMetrics.tsx","TypeScript","91","8","0"
".\src\app\smartrotom\arcade\loot\_components\opening\Spinner.tsx","TypeScript","91","9","1"
".\src\app\(boffmedia)\admin\events\_components\teams\TeamDeleteDialog.tsx","TypeScript","90","9","2"
".\src\app\smartrotom\mewtube\_components\VideoGrid.tsx","TypeScript","90","14","5"
".\src\components\ui\primitives\calendar.tsx","TypeScript","90","8","0"
".\src\app\(boffmedia)\admin\events\_components\games\GameDeleteDialog.tsx","TypeScript","90","9","1"
".\src\app\(boffmedia)\_components\sections\ToolsSpotlight.tsx","TypeScript","90","6","0"
".\src\app\(boffmedia)\admin\events\_components\achievements\AchievementDeleteDialog.tsx","TypeScript","90","9","2"
".\src\app\(boffmedia)\admin\events\_components\events\EventDeleteDialog.tsx","TypeScript","90","9","1"
".\src\app\smartrotom\camara\_components\GalleryView.tsx","TypeScript","89","4","0"
".\src\app\smartrotom\pokedex\page.tsx","TypeScript","89","5","0"
".\src\components\ui\navigation\ToolsMenu.tsx","TypeScript","89","3","0"
".\src\app\smartrotom\arcade\loot\page.tsx","TypeScript","89","7","0"
".\src\app\(boffmedia)\(eventos)\eventos\[id]\page.tsx","TypeScript","89","16","3"
".\src\app\(boffmedia)\(herramientas)\pokemon\tcgpocket\_components\CardItem copy.tsx","TypeScript","89","2","0"
".\src\app\(boffmedia)\(politicas)\reembolsos\page.tsx","TypeScript","89","6","0"
".\src\components\ui\primitives\button.tsx","TypeScript","88","13","1"
".\src\components\ui\display\CodeDisplay.tsx","TypeScript","88","5","0"
".\src\app\(boffmedia)\admin\events\_components\events\EventCard.tsx","TypeScript","88","6","2"
".\src\components\smartrotom\ficusai\MessageBubble.tsx","TypeScript","87","8","0"
".\src\app\smartrotom\tiempo\page.tsx","TypeScript","87","7","0"
".\src\components\ui\primitives\tabs.tsx","TypeScript","87","17","0"
".\src\components\ui\interactive\AnimatedToggle.tsx","TypeScript","87","6","0"
".\src\app\smartrotom\pasaporte\_components\ActiveTeam.tsx","TypeScript","87","8","0"
".\src\app\(boffmedia)\admin\events\_components\games\GamesTab.tsx","TypeScript","87","13","0"
".\src\app\(boffmedia)\admin\events\_components\events\EventsTab.tsx","TypeScript","87","13","0"
".\src\app\smartrotom\chatapp\_components\EmojiPicker.tsx","TypeScript","87","10","3"
".\src\app\(boffmedia)\admin\events\_components\teams\TeamsTab.tsx","TypeScript","87","13","0"
".\src\app\smartrotom\pokedex\entrada\[[...params]]\_components\EntryHeader.tsx","TypeScript","86","5","0"
".\src\lib\smartrotom\optimizedAnimations.ts","TypeScript","86","11","18"
".\src\app\smartrotom\arcade\loot\_components\opening\ResultDisplayComponent.tsx","TypeScript","86","11","0"
".\src\app\smartrotom\mewtwitch\stream\[channel]\page.tsx","TypeScript","86","10","2"
".\src\app\wingull\pueblos\[pueblo]\_components\shared\cards\HeaderCard.tsx","TypeScript","85","10","0"
".\src\app\wingull\pueblos\[pueblo]\_components\map\MarkerBadge.tsx","TypeScript","85","9","2"
".\src\app\smartrotom\furrettoday\_components\MainCard.tsx","TypeScript","85","10","0"
".\src\app\smartrotom\mewtube\video\[id]\page.tsx","TypeScript","84","11","1"
".\src\app\smartrotom\mina\reclamar\page.tsx","TypeScript","84","9","0"
".\src\components\ui\navigation\NotificationPopover.tsx","TypeScript","84","5","0"
".\src\app\smartrotom\mewtube\_components\VideoCard.tsx","TypeScript","84","7","1"
".\src\app\(boffmedia)\(eventos)\eventos\sugerir\page.tsx","TypeScript","84","14","1"
".\src\app\(boffmedia)\(eventos)\juegos\[id]\_components\GameEvents.tsx","TypeScript","84","9","1"
".\src\app\smartrotom\furrettoday\editar\_components\NewsContent.tsx","TypeScript","84","8","0"
".\src\app\(boffmedia)\error.tsx","TypeScript","83","10","0"
".\src\app\smartrotom\pc\components\filter\SearchBar.tsx","TypeScript","83","7","0"
".\src\app\(boffmedia)\(herramientas)\otros\keys\_components\KeysControls.tsx","TypeScript","83","3","0"
".\src\app\(boffmedia)\admin\events\page.tsx","TypeScript","83","15","2"
".\src\app\smartrotom\mewtwitch\video\_components\TwitchVideoPlayer.tsx","TypeScript","82","13","5"
".\src\tools\pmd-sky\SkyGenerator.tsx","TypeScript","82","7","0"
".\src\app\(boffmedia)\(herramientas)\mhwilds\page.tsx","TypeScript","82","5","0"
".\src\app\battlesim\calc\_utils\damageUtils.ts","TypeScript","82","13","21"
".\src\app\smartrotom\misiones\_types\questTypes.ts","TypeScript","81","13","0"
".\src\app\wingull\pueblos\[pueblo]\_components\properties\BusinessSection.tsx","TypeScript","81","10","0"
".\src\app\(boffmedia)\(herramientas)\pokemon\tcgpocket\galeria\_hooks\useGalleryData.ts","TypeScript","81","14","2"
".\src\app\smartrotom\mewtwitch\stream\_components\TwitchPlayer.tsx","TypeScript","81","13","5"
".\src\app\smartrotom\pc\components\team\TeamPanel.tsx","TypeScript","80","6","1"
".\src\app\smartrotom\mewtwitch\_services\historyService.ts","TypeScript","80","11","18"
".\src\app\smartrotom\pokedex\_components\PokedexTable.tsx","TypeScript","80","11","0"
".\src\hooks\usePokedexData.ts","TypeScript","80","17","1"
".\src\app\smartrotom\taxi\hooks\useMapInteractions.ts","TypeScript","80","12","3"
".\src\app\(clones)\ciclosimitacion\dbunit\_components\Content.tsx","TypeScript","80","8","0"
".\src\app\(boffmedia)\_components\layout\FloatingBackground.tsx","TypeScript","80","4","0"
".\src\app\smartrotom\arcade\voltorb\_components\Cell.tsx","TypeScript","80","5","0"
".\src\app\smartrotom\furrettoday\_components\NewsManager.tsx","TypeScript","80","6","0"
".\src\app\smartrotom\chatapp\_types\Chat.ts","TypeScript","80","13","0"
".\src\app\smartrotom\mewtube\_components\YoutubeResults.tsx","TypeScript","79","10","0"
".\src\app\smartrotom\mewtwitch\video\[id]\page.tsx","TypeScript","79","10","2"
".\src\app\(boffmedia)\contacto\_components\ContactForm.tsx","TypeScript","79","4","2"
".\src\app\(boffmedia)\_components\sections\SmartRotomSpotlight.tsx","TypeScript","79","3","0"
".\src\app\(boffmedia)\admin\events\_components\achievements\AchievementCard.tsx","TypeScript","79","3","0"
".\src\tools\pmd-sky\_components\PokemonSection.tsx","TypeScript","78","4","0"
".\src\app\smartrotom\chatapp\_components\EmojiMessage.tsx","TypeScript","78","7","1"
".\src\app\battlesim\_components\PokemonStatus.tsx","TypeScript","78","11","0"
".\src\app\smartrotom\mewtwitch\clip\[id]\page.tsx","TypeScript","77","10","2"
".\src\app\battlesim\dex\_hooks\useDexData.ts","TypeScript","77","12","5"
".\src\components\smartrotom\shared\BaseDetails.tsx","TypeScript","77","10","0"
".\src\types\misiones.ts","TypeScript","77","19","0"
".\src\components\ui\primitives\alert.tsx","TypeScript","77","14","0"
".\src\app\(boffmedia)\(herramientas)\pokemon\page.tsx","TypeScript","77","5","0"
".\src\app\(boffmedia)\(eventos)\eventos\sugerir\_components\BasicInfoSection.tsx","TypeScript","77","6","0"
".\src\app\(boffmedia)\admin\events\_components\achievements\AchievementHeader.tsx","TypeScript","77","8","0"
".\src\app\battlesim\dex\_components\MovesTable.tsx","TypeScript","77","4","0"
".\src\app\(boffmedia)\admin\page.tsx","TypeScript","77","9","0"
".\src\components\boffmedia\sections\SectionError.tsx","TypeScript","76","10","0"
".\src\app\smartrotom\arcade\voltorb\_components\ConfirmationDialog.tsx","TypeScript","76","4","0"
".\src\tools\pmd-sky\_components\RewardSection.tsx","TypeScript","76","5","0"
".\src\services\api\smartrotom\playerService.ts","TypeScript","76","6","6"
".\src\app\battlesim\calc\types.ts","TypeScript","76","8","7"
".\src\app\(boffmedia)\(eventos)\eventos\sugerir\_components\EventPreview.tsx","TypeScript","76","8","0"
".\src\app\battlesim\replay\_components\BattleStateDebugger.tsx","TypeScript","76","12","2"
".\src\app\battlesim\dex\_components\ItemsList.tsx","TypeScript","76","7","3"
".\src\services\api\smartrotom\documentsService.ts","TypeScript","75","23","61"
".\src\services\api\tools\mhWildsService.ts","TypeScript","75","24","60"
".\src\tools\pmd-sky\_components\SkyForm.tsx","TypeScript","75","8","0"
".\src\app\smartrotom\chatapp\_components\StickerPicker.tsx","TypeScript","75","6","0"
".\src\components\smartrotom\twitch\StreamCard.tsx","TypeScript","75","8","0"
".\src\components\ui\navigation\WingullMenu.tsx","TypeScript","75","3","0"
".\src\app\smartrotom\pc\hooks\useContextMenu.ts","TypeScript","74","14","0"
".\src\components\smartrotom\youtube\VideoGrid.tsx","TypeScript","74","11","6"
".\src\app\(boffmedia)\admin\events\_components\events\EventsList.tsx","TypeScript","74","5","3"
".\src\app\(boffmedia)\(eventos)\clasificacion\_components\leaderboard\LeaderboardTabs.tsx","TypeScript","74","6","0"
".\src\app\(boffmedia)\(herramientas)\otros\keys\_components\KeysDataTable.tsx","TypeScript","74","3","0"
".\src\app\smartrotom\mewtube\_services\historyService.ts","TypeScript","73","14","20"
".\src\app\smartrotom\furrettoday\editar\_hooks\useNews.ts","TypeScript","73","13","0"
".\src\lib\PokemonImage.tsx","TypeScript","73","11","7"
".\src\components\ui\primitives\badge.tsx","TypeScript","73","6","0"
".\src\app\(boffmedia)\(eventos)\eventos\_components\EventsEmpty.tsx","TypeScript","73","9","0"
".\src\app\(boffmedia)\(eventos)\_components\LeaderboardFilters.tsx","TypeScript","73","4","0"
".\src\app\smartrotom\arcade\_util\rewardIcons.tsx","TypeScript","73","6","15"
".\src\app\battlesim\_components\Avatar.tsx","TypeScript","73","8","0"
".\src\app\smartrotom\starbank\calendario\_components\TransactionDialog.tsx","TypeScript","72","9","0"
".\src\app\battlesim\calc\_utils\initialState.ts","TypeScript","72","10","13"
".\src\app\(boffmedia)\(eventos)\juegos\page.tsx","TypeScript","72","8","3"
".\src\app\smartrotom\arcade\voltorb\_components\InfoPanel.tsx","TypeScript","71","5","0"
".\src\components\ui\navigation\LanguageSwitcher.tsx","TypeScript","71","9","0"
".\src\app\smartrotom\arcade\loot\_components\ItemDisplay.tsx","TypeScript","71","9","0"
".\next.config.mjs","JavaScript","71","10","5"
".\src\app\battlesim\dex\_components\PokemonFilters.tsx","TypeScript","71","10","1"
".\src\components\boffmedia\leaderboard\LeaderboardList.tsx","TypeScript","70","6","0"
".\src\app\smartrotom\taxi\components\TravelHistory.tsx","TypeScript","70","9","1"
".\src\stores\spriteManifestStore.ts","TypeScript","70","12","6"
".\src\components\ui\interactive\ActionButton.tsx","TypeScript","70","4","0"
".\src\app\battlesim\_components\PokemonImage.tsx","TypeScript","70","12","1"
".\src\app\(boffmedia)\(herramientas)\otros\sorteos\_components\GiveawayHeader.tsx","TypeScript","70","6","0"
".\src\app\smartrotom\starbank\calendario\_components\TransactionList.tsx","TypeScript","70","4","0"
".\src\app\battlesim\_utils\viewUtils.ts","TypeScript","70","19","16"
".\src\app\smartrotom\pokedex\_components\PokemonSearchBar.tsx","TypeScript","69","7","0"
".\src\app\(boffmedia)\(eventos)\eventos\page.tsx","TypeScript","69","8","3"
".\src\components\smartrotom\shared\BaseSearch.tsx","TypeScript","68","7","0"
".\src\app\smartrotom\misiones\_types\Quest.ts","TypeScript","68","13","0"
".\src\app\smartrotom\furrettoday\_components\Footer.tsx","TypeScript","68","5","0"
".\src\app\smartrotom\arcade\loot\_components\selector\LootBoxSelector.tsx","TypeScript","67","8","1"
".\src\app\smartrotom\chatapp\_components\CallMessage.tsx","TypeScript","67","8","0"
".\src\components\boffmedia\leaderboard\LeaderboardEmptyState.tsx","TypeScript","67","6","0"
".\src\app\smartrotom\arcade\loot\_components\collection\CollectionGrid.tsx","TypeScript","67","8","0"
".\src\app\(boffmedia)\(eventos)\juegos\[id]\page.tsx","TypeScript","67","11","0"
".\src\app\(boffmedia)\(herramientas)\otros\keys\_components\KeysTable.tsx","TypeScript","67","11","0"
".\src\app\(boffmedia)\(herramientas)\otros\keys\_hooks\useFetchSteamData.ts","TypeScript","67","11","0"
".\src\app\wingull\_components\MovingSection.tsx","TypeScript","66","9","1"
".\src\tools\pmd-sky\_components\LocationSection.tsx","TypeScript","66","4","0"
".\src\app\(boffmedia)\(herramientas)\otros\sorteos\_components\Spinner.tsx","TypeScript","66","8","0"
".\src\app\battlesim\calc\_hooks\useFieldState.ts","TypeScript","66","6","4"
".\src\app\smartrotom\starbank\_components\TransactionSuccess.tsx","TypeScript","65","8","0"
".\src\components\ui\primitives\collapsible.tsx","TypeScript","65","16","0"
".\src\app\(boffmedia)\styles\colors\page.tsx","TypeScript","65","3","0"
".\src\app\smartrotom\arcade\voltorb\_components\Messages.tsx","TypeScript","65","4","0"
".\src\app\smartrotom\arcade\loot\_components\selector\BoxDisplay.tsx","TypeScript","64","5","0"
".\src\app\smartrotom\chatapp\_components\TextMessage.tsx","TypeScript","64","3","0"
".\src\services\api\smartrotom\achievementsService.ts","TypeScript","64","10","26"
".\src\app\battlesim\calc\_hooks\usePokedexData.ts","TypeScript","64","11","2"
".\src\app\(boffmedia)\(politicas)\cancelaciones\page.tsx","TypeScript","64","1","0"
".\src\app\(boffmedia)\(politicas)\devoluciones\page.tsx","TypeScript","64","1","0"
".\src\app\(boffmedia)\_components\sections\HeroSection.tsx","TypeScript","64","2","0"
".\src\app\smartrotom\pc\components\details\PokemonStats.tsx","TypeScript","63","6","0"
".\src\app\smartrotom\pokedex\localizacion\page.tsx","TypeScript","63","6","1"
".\src\app\smartrotom\mewtwitch\clip\_components\ClipDetails.tsx","TypeScript","63","10","0"
".\src\app\(boffmedia)\admin\events\_components\achievements\AchievementEditDialog.tsx","TypeScript","63","9","1"
".\src\app\battlesim\_components\BattleSideBar.tsx","TypeScript","63","14","2"
".\src\app\smartrotom\mewtwitch\user\_components\UserHeader.tsx","TypeScript","62","6","0"
".\src\app\smartrotom\mewtwitch\stream\_components\StreamDetails.tsx","TypeScript","62","7","0"
".\src\app\smartrotom\arcade\test\_components\PmdSprite.tsx","TypeScript","62","7","0"
".\src\components\boffmedia\sections\SectionLoading.tsx","TypeScript","62","5","0"
".\src\app\wingull\pueblos\[pueblo]\_components\properties\PropertiesSection.tsx","TypeScript","62","9","0"
".\src\app\smartrotom\pc\types\filter.types.ts","TypeScript","62","15","11"
".\src\app\(boffmedia)\admin\events\_components\events\EventEditDialog.tsx","TypeScript","62","10","0"
".\src\app\(boffmedia)\(herramientas)\pokemon\tcgpocket\_components\RecentUpdates.tsx","TypeScript","62","3","0"
".\src\app\(boffmedia)\(herramientas)\pokemon\tcgpocket\_components\CardGrid.tsx","TypeScript","62","4","0"
".\src\app\battlesim\dex\_components\PokemonStats.tsx","TypeScript","62","6","1"
".\src\app\battlesim\calc\_components\panel\TypeDisplay.tsx","TypeScript","62","6","2"
".\src\app\(boffmedia)\admin\events\_components\teams\TeamCard.tsx","TypeScript","62","3","0"
".\src\components\smartrotom\shared\BaseProfileHeader.tsx","TypeScript","61","11","1"
".\src\components\ui\navigation\UserAuthSection.tsx","TypeScript","61","7","0"
".\src\app\smartrotom\arcade\loot\_utils\rarityConfig.ts","TypeScript","61","3","0"
".\src\components\smartrotom\MinecraftWeather.tsx","TypeScript","61","3","0"
".\src\app\smartrotom\mewtwitch\video\_components\VideoDetails.tsx","TypeScript","60","5","0"
".\src\app\smartrotom\arcade\voltorb\_components\GameGrid.tsx","TypeScript","60","3","0"
".\src\app\smartrotom\starbank\graficas\_components\ChartsSkeleton.tsx","TypeScript","60","6","0"
".\src\app\smartrotom\pasaporte\_components\BadgePage.tsx","TypeScript","60","8","1"
".\src\app\smartrotom\arcade\test\types.ts","TypeScript","60","9","0"
".\src\app\(clones)\ciclosimitacion\page.tsx","TypeScript","60","7","0"
".\src\app\(boffmedia)\(eventos)\eventos\[id]\_components\EventStats.tsx","TypeScript","60","5","0"
".\src\app\smartrotom\arcade\loot\_components\collection\ItemDetailModal.tsx","TypeScript","60","11","1"
".\src\app\smartrotom\arcade\_components\ArcadeTopBar.tsx","TypeScript","60","6","0"
".\src\components\boffmedia\event\EventCard.tsx","TypeScript","59","3","0"
".\src\app\smartrotom\arcade\voltorb\_components\config.ts","TypeScript","59","1","8"
".\src\components\ui\primitives\scroll-area.tsx","TypeScript","59","11","0"
".\src\components\ui\interactive\ComboboxWithPreview.tsx","TypeScript","59","3","0"
".\src\app\smartrotom\arcade\loot\_components\opening\SpinnerItem.tsx","TypeScript","59","6","0"
".\src\app\(boffmedia)\(eventos)\eventos\sugerir\_components\SuggestEventGuidelines.tsx","TypeScript","59","3","0"
".\src\app\(boffmedia)\(eventos)\eventos\sugerir\_components\EventTypeSelector.tsx","TypeScript","59","4","0"
".\src\app\smartrotom\arcade\loot\_components\collection\CollectionFilters.tsx","TypeScript","59","6","0"
".\src\app\(boffmedia)\(herramientas)\mhwilds\builds\planner\_components\BuildImport.tsx","TypeScript","59","11","1"
".\src\app\smartrotom\arcade\test\sprite\page.tsx","TypeScript","58","7","0"
".\src\app\smartrotom\arcade\voltorb\page.tsx","TypeScript","58","5","0"
".\src\components\smartrotom\ficusai\PokemonStatsCard.tsx","TypeScript","58","5","0"
".\src\app\battlesim\calc\_utils\pokemonData.ts","TypeScript","58","5","4"
".\src\app\(boffmedia)\(eventos)\eventos\_components\EventFilters.tsx","TypeScript","58","3","0"
".\src\app\(boffmedia)\(eventos)\eventos\sugerir\_components\DateTimeSection.tsx","TypeScript","58","5","0"
".\src\app\battlesim\_hooks\useBattleActions.tsx","TypeScript","58","10","0"
".\src\app\wingull\pueblos\[pueblo]\_components\amenities\AmenitiesSection.tsx","TypeScript","57","10","0"
".\src\lib\minecraftWeather.tsx","TypeScript","57","5","0"
".\src\services\api\smartrotom\chatAppService.ts","TypeScript","57","12","36"
".\src\app\smartrotom\pokedex\entrada\[[...params]]\_components\TreeRenderer.tsx","TypeScript","57","6","0"
".\src\app\(boffmedia)\(eventos)\juegos\_components\GameFilters.tsx","TypeScript","57","2","0"
".\src\app\(boffmedia)\(herramientas)\pokemon\tcgpocket\sobres\page.tsx","TypeScript","57","4","0"
".\src\app\smartrotom\mewtube\channel\_components\ChannelHeader.tsx","TypeScript","57","5","0"
".\src\app\smartrotom\mewtube\video\_components\VideoDetails.tsx","TypeScript","56","5","0"
".\src\stores\cameraGalleryStore.ts","TypeScript","56","3","0"
".\src\app\battlesim\dex\_components\PokemonSearchBar.tsx","TypeScript","56","7","3"
".\src\app\(boffmedia)\(herramientas)\pokemon\tcgpocket\_components\FilterComponent.tsx","TypeScript","56","4","0"
".\src\app\(boffmedia)\(herramientas)\pokemon\tcgpocket\combates\_components\QuestDisplay.tsx","TypeScript","56","3","0"
".\src\components\ui\navigation\Link.tsx","TypeScript","55","11","0"
".\src\app\smartrotom\pokedex\entrada\[[...params]]\_components\FormsSection.tsx","TypeScript","55","5","0"
".\src\app\(boffmedia)\(herramientas)\mhwilds\tree\_hooks\useWeaponTreeData.ts","TypeScript","55","11","4"
".\src\app\smartrotom\taxi\components\map\MapHeader.tsx","TypeScript","54","2","0"
".\src\components\boffmedia\layouts\GameToolsLayout\index.tsx","TypeScript","54","12","0"
".\src\tools\pmd-sky\_components\QuestConfigurationSection.tsx","TypeScript","54","4","0"
".\src\app\smartrotom\mina\drops\page.tsx","TypeScript","54","2","0"
".\src\app\battlesim\calc\_components\CalculatorForm.tsx","TypeScript","54","9","0"
".\src\app\smartrotom\admin\_components\GridBackground.tsx","TypeScript","54","4","0"
".\src\app\smartrotom\arcade\loot\_components\_main\InfoModal.tsx","TypeScript","54","2","0"
".\src\components\ui\primitives\popover.tsx","TypeScript","53","12","0"
".\src\lib\smartrotom\pokemonStyles.ts","TypeScript","53","11","21"
".\src\services\api\smartrotom\usersService.ts","TypeScript","53","13","39"
".\src\components\ui\navigation\BreadbrumbNav.tsx","TypeScript","53","12","5"
".\src\app\battlesim\calc\_components\panel\HpControl.tsx","TypeScript","53","3","0"
".\src\app\smartrotom\mewtube\history\_components\History.tsx","TypeScript","53","10","5"
".\src\app\wingull\invitacion\[id]\_components\InvitacionNoEncontrada.tsx","TypeScript","53","1","0"
".\src\app\battlesim\dex\_components\AbilitiesList.tsx","TypeScript","52","3","0"
".\src\app\smartrotom\arcade\voltorb\_components\MemoPanel.tsx","TypeScript","52","5","0"
".\src\app\(boffmedia)\admin\events\_components\achievements\AchievementCreateDialog.tsx","TypeScript","52","8","1"
".\src\app\(boffmedia)\(herramientas)\pokemon\tcgpocket\galeria\page.tsx","TypeScript","52","5","0"
".\src\app\(boffmedia)\_components\sections\FeaturedSection.tsx","TypeScript","52","3","0"
".\src\app\wingull\pueblos\[pueblo]\_components\map\CompleteMarker.tsx","TypeScript","51","3","1"
".\src\app\wingull\invitacion\[id]\_components\InvitacionUsada.tsx","TypeScript","51","1","0"
".\src\app\wingull\pueblos\[pueblo]\_components\map\MarkerLabel.tsx","TypeScript","51","6","2"
".\src\tools\pmd-sky\_hooks\useSkyFormHandlers.ts","TypeScript","51","9","0"
".\src\components\smartrotom\apps\App.tsx","TypeScript","51","6","0"
".\src\app\(boffmedia)\admin\events\_components\events\EventCreateDialog.tsx","TypeScript","51","10","0"
".\src\app\(boffmedia)\(herramientas)\otros\keys\_hooks\useGetKeys.ts","TypeScript","51","11","0"
".\src\app\battlesim\_components\Hazard.tsx","TypeScript","51","11","1"
".\src\app\smartrotom\pokedex\entrada\[[...params]]\_components\EvoTree.tsx","TypeScript","51","5","0"
".\src\app\battlesim\dex\_components\PokemonListItem.tsx","TypeScript","51","8","2"
".\src\app\smartrotom\pokedex\entrada\[[...params]]\_components\TypeTable.tsx","TypeScript","50","4","2"
".\src\app\smartrotom\furrettoday\_components\Header.tsx","TypeScript","50","5","0"
".\src\components\smartrotom\ui\button.tsx","TypeScript","50","5","0"
".\src\app\smartrotom\taxi\components\map\OffscreenIndicator.tsx","TypeScript","50","6","1"
".\src\app\smartrotom\arcade\loot\_hooks\useCollectionFilter.ts","TypeScript","50","11","1"
".\src\app\(boffmedia)\admin\events\_components\games\GameEditDialog.tsx","TypeScript","50","7","0"
".\src\app\(boffmedia)\(herramientas)\_components\TreeNode.tsx","TypeScript","50","5","0"
".\src\app\smartrotom\arcade\loot\_components\opening\BoxAnimation.tsx","TypeScript","50","4","0"
".\src\app\battlesim\_components\PokemonElement.tsx","TypeScript","50","4","0"
".\src\components\smartrotom\MinecraftFunctions.tsx","TypeScript","49","11","0"
".\src\app\smartrotom\pokedex\_components\MenuHeader.tsx","TypeScript","49","3","0"
".\src\services\api\smartrotom\misionesService.ts","TypeScript","49","14","42"
".\src\components\smartrotom\MinecraftSkin.tsx","TypeScript","49","13","0"
".\src\app\smartrotom\arcade\squirdle\_hooks\useGetWordlePokemon.ts","TypeScript","49","7","2"
".\src\app\battlesim\calc\_utils\damageCalculator.ts","TypeScript","49","13","0"
".\src\app\smartrotom\chatapp\_components\StickerMessage.tsx","TypeScript","49","2","0"
".\src\app\smartrotom\arcade\test\_util\utils.ts","TypeScript","49","7","0"
".\src\app\smartrotom\starbank\transacciones\_components\TransactionSkeleton.tsx","TypeScript","48","3","0"
".\src\app\smartrotom\pokedex\habilidades\_components\AbilityData.tsx","TypeScript","48","6","0"
".\src\app\wingull\pueblos\[pueblo]\_components\map\TownMapSection.tsx","TypeScript","48","8","1"
".\src\stores\useSocketStore.ts","TypeScript","48","11","12"
".\src\services\api\smartrotom\starbankService.ts","TypeScript","48","16","42"
".\src\app\smartrotom\pokedex\_types\move.ts","TypeScript","48","5","0"
".\src\app\(boffmedia)\admin\events\_components\achievements\AchievementsList.tsx","TypeScript","48","4","0"
".\src\app\(boffmedia)\(eventos)\eventos\[id]\_components\ParticipantsGrid.tsx","TypeScript","48","5","0"
".\src\app\smartrotom\arcade\loot\_components\_main\LootBoxHeader.tsx","TypeScript","48","4","0"
".\src\app\smartrotom\arcade\loot\_utils\getThemeColors.ts","TypeScript","48","1","0"
".\src\app\smartrotom\arcade\loot\_components\opening\LootBoxOpening.tsx","TypeScript","48","5","0"
".\src\app\smartrotom\admin\_components\AdminPageLayout.tsx","TypeScript","47","7","0"
".\src\app\(clones)\ciclosimitacion\dbunit\_hooks\useJsonToDbUnit.ts","TypeScript","47","6","0"
".\src\app\wingull\pueblos\[pueblo]\_components\map\MapWithDetails.tsx","TypeScript","47","4","0"
".\src\types\pokedex.ts","TypeScript","47","10","0"
".\src\components\common\ckeditor\ckeditor.d.ts","TypeScript","47","0","4"
".\src\app\(boffmedia)\admin\events\_components\teams\TeamHeader.tsx","TypeScript","47","6","0"
".\src\app\(boffmedia)\(herramientas)\otros\sorteos\_components\SpinnerAnimation.tsx","TypeScript","47","7","0"
".\src\app\(boffmedia)\(eventos)\eventos\sugerir\_components\SuggestEventForm.tsx","TypeScript","47","7","0"
".\src\app\(boffmedia)\_components\sections\SmartRotomVideo.tsx","TypeScript","47","4","0"
".\src\app\(boffmedia)\admin\events\_components\teams\TeamEditDialog.tsx","TypeScript","47","7","0"
".\src\app\(boffmedia)\_components\ui\SectionSeparator.tsx","TypeScript","47","5","0"
".\src\app\smartrotom\taxi\hooks\useMapState.ts","TypeScript","46","8","0"
".\src\components\ui\primitives\slider.tsx","TypeScript","46","7","0"
".\src\components\ui\primitives\tooltip.tsx","TypeScript","46","13","0"
".\src\app\smartrotom\pc\lib\pokemonConversion.ts","TypeScript","46","6","18"
".\src\app\smartrotom\admin\_components\TerminalCard.tsx","TypeScript","46","3","0"
".\src\app\smartrotom\admin\_components\Vignette.tsx","TypeScript","46","4","1"
".\src\app\smartrotom\arcade\loot\_components\collection\CollectionPagination.tsx","TypeScript","46","5","0"
".\src\app\smartrotom\pokedex\_components\LastRegistries.tsx","TypeScript","45","6","0"
".\src\app\smartrotom\mina\_components\BarraEnergia.tsx","TypeScript","45","6","0"
".\src\app\smartrotom\camara\_components\CameraBottomControls.tsx","TypeScript","45","2","0"
".\src\components\smartrotom\shared\BaseContentGrid.tsx","TypeScript","45","9","0"
".\src\app\wingull\pueblos\[pueblo]\_components\shared\decorative\OrnamentalDots.tsx","TypeScript","45","3","0"
".\src\app\smartrotom\pokedex\entrada\[[...params]]\_components\PalettesSection.tsx","TypeScript","45","6","1"
".\src\app\(boffmedia)\admin\events\_components\games\GameHeader.tsx","TypeScript","45","6","0"
".\src\app\(boffmedia)\admin\events\_components\events\EventHeader.tsx","TypeScript","45","6","0"
".\src\app\(boffmedia)\(herramientas)\pokemon\tcgpocket\_components\ProbabilityTable.tsx","TypeScript","45","3","0"
".\src\app\smartrotom\arcade\_components\InstructionsModal.tsx","TypeScript","45","2","0"
".\src\app\battlesim\_utils\battleActions.ts","TypeScript","45","14","5"
".\src\app\battlesim\_utils\AnimationQueque.ts","TypeScript","45","12","26"
".\src\app\wingull\pueblos\[pueblo]\_components\shared\decorative\BackgroundDecorations.tsx","TypeScript","44","5","0"
".\src\app\wingull\pueblos\[pueblo]\types.ts","TypeScript","44","5","1"
".\src\app\smartrotom\pokedex\entrada\[[...params]]\_components\TypeBadge.tsx","TypeScript","44","6","0"
".\src\app\wingull\pueblos\[pueblo]\_components\properties\PropertiesCTA.tsx","TypeScript","44","5","0"
".\src\components\ui\primitives\switch.tsx","TypeScript","44","7","0"
".\src\lib\intlUtils.ts","TypeScript","44","5","37"
".\src\components\smartrotom\ficusai\ChatInput.tsx","TypeScript","44","3","0"
".\src\components\ui\primitives\avatar.tsx","TypeScript","44","6","0"
".\src\app\smartrotom\pc\components\layout\LoadingOverlay.tsx","TypeScript","44","1","0"
".\src\app\(boffmedia)\admin\events\_components\games\GameCreateDialog.tsx","TypeScript","44","7","0"
".\src\app\(boffmedia)\admin\events\_components\teams\TeamCreateDialog.tsx","TypeScript","44","7","0"
".\playwright.config.ts","TypeScript","44","3","0"
".\src\app\(boffmedia)\admin\events\_components\games\GameCard.tsx","TypeScript","44","3","0"
".\src\app\smartrotom\chatapp\_hooks\useGetChats.ts","TypeScript","44","10","2"
".\src\app\smartrotom\mewtwitch\stream\_components\StreamStats.tsx","TypeScript","44","8","0"
".\src\app\battlesim\calc\_utils\statCalculator.ts","TypeScript","44","6","15"
".\src\app\battlesim\dex\_components\PokemonTypeChip.tsx","TypeScript","44","4","0"
".\src\app\smartrotom\taxi\hooks\useStopPositions.ts","TypeScript","43","3","0"
".\src\components\boffmedia\tools\ExternalResources.tsx","TypeScript","43","3","0"
".\src\components\smartrotom\ClickableClock.tsx","TypeScript","43","3","0"
".\src\app\smartrotom\mina\historial\page.tsx","TypeScript","43","2","0"
".\scripts\cloc-files-by-size.ps1","PowerShell","43","9","2"
".\src\app\(boffmedia)\admin\events\_components\teams\TeamsList.tsx","TypeScript","43","4","0"
".\src\app\smartrotom\chatapp\_components\ChatBubble.tsx","TypeScript","43","2","0"
".\src\components\common\map\BaseMarker.tsx","TypeScript","42","4","0"
".\src\app\smartrotom\taxi\components\map\TaxiStopMarker.tsx","TypeScript","42","3","0"
".\src\services\mcef\mcefHelper.ts","TypeScript","42","3","0"
".\src\components\ui\primitives\progress.tsx","TypeScript","42","7","0"
".\src\app\smartrotom\arcade\test\_components\SpriteRenderer.tsx","TypeScript","42","4","0"
".\src\app\(boffmedia)\(herramientas)\pokemon\tcgpocket\_components\CardsList.tsx","TypeScript","42","2","0"
".\src\app\(boffmedia)\(herramientas)\otros\sorteos\_components\SpinnerItem.tsx","TypeScript","42","5","0"
".\src\app\battlesim\calc\_components\panel\BasicInfo.tsx","TypeScript","42","4","0"
".\src\app\battlesim\_components\PokemonSprite.tsx","TypeScript","42","10","0"
".\src\app\battlesim\calc\_utils\generations.ts","TypeScript","41","8","5"
".\src\app\(boffmedia)\admin\events\_components\teams\TeamErrorState.tsx","TypeScript","41","3","0"
".\src\app\battlesim\replay\_components\types.ts","TypeScript","41","6","2"
".\src\services\useSocketAuth.ts","TypeScript","41","9","15"
".\src\app\smartrotom\mewtube\channel\_components\ChannelStats.tsx","TypeScript","41","4","0"
".\src\app\(boffmedia)\admin\events\_components\achievements\AchievementErrorState.tsx","TypeScript","41","3","0"
".\src\app\(boffmedia)\(eventos)\eventos\sugerir\_components\SuggestEventSuccess.tsx","TypeScript","41","5","0"
".\src\app\(boffmedia)\admin\events\_components\events\EventErrorState.tsx","TypeScript","41","3","0"
".\src\app\(boffmedia)\admin\events\_components\games\GamesList.tsx","TypeScript","41","4","0"
".\src\app\(boffmedia)\admin\events\_components\games\GameErrorState.tsx","TypeScript","41","3","0"
".\src\app\wingull\pueblos\[pueblo]\_components\shared\decorative\SvgWaveTransition.tsx","TypeScript","40","2","0"
".\src\app\wingull\pueblos\[pueblo]\_components\map\NavigationControls.tsx","TypeScript","40","3","0"
".\src\app\smartrotom\taxi\components\map\MapControlPanel.tsx","TypeScript","40","5","0"
".\src\components\ui\form\FormField.tsx","TypeScript","40","3","0"
".\src\tools\components\PokemonList.tsx","TypeScript","40","9","0"
".\src\services\useBoffSession.ts","TypeScript","40","9","2"
".\src\components\ui\primitives\hover-card.tsx","TypeScript","40","8","0"
".\src\app\battlesim\types.ts","TypeScript","40","8","13"
".\src\app\(boffmedia)\(eventos)\clasificacion\_components\leaderboard\MedalsLeaderboard.tsx","TypeScript","40","5","0"
".\src\app\(boffmedia)\(eventos)\clasificacion\_components\leaderboard\AchievementsLeaderboard.tsx","TypeScript","40","4","0"
".\src\app\not-found.tsx","TypeScript","40","2","0"
".\src\app\smartrotom\starbank\calendario\_components\FilterPopover.tsx","TypeScript","40","3","0"
".\src\app\smartrotom\starbank\_components\SummaryCard.tsx","TypeScript","40","4","0"
".\src\app\smartrotom\arcade\loot\_components\selector\OpenBoxButton.tsx","TypeScript","40","4","1"
".\src\app\smartrotom\starbank\_components\chart2.tsx","TypeScript","39","4","1"
".\src\components\ui\primitives\separator.tsx","TypeScript","39","7","0"
".\Dockerfile","Dockerfile","39","14","9"
".\src\app\smartrotom\arcade\_components\daily\StreakHeader.tsx","TypeScript","39","2","0"
".\src\components\smartrotom\MinecraftSkinServerBak.tsx","TypeScript","38","14","3"
".\src\components\boffmedia\layouts\GameToolsLayout\MobileHeader.tsx","TypeScript","38","3","1"
".\src\components\smartrotom\shared\BaseTabs.tsx","TypeScript","38","6","0"
".\src\hooks\misiones\useGetCustomNpcImage.ts","TypeScript","38","5","0"
".\src\components\ui\primitives\checkbox.tsx","TypeScript","38","7","0"
".\src\app\wingull\pueblos\[pueblo]\_components\shared\decorative\FloatingOrb.tsx","TypeScript","38","4","0"
".\src\app\smartrotom\mewtwitch\video\_components\VideoStats.tsx","TypeScript","38","7","0"
".\src\app\smartrotom\mewtube\_components\ChannelCard.tsx","TypeScript","38","4","0"
".\src\app\smartrotom\taxi\components\map\TrajectoryLine.tsx","TypeScript","38","5","0"
".\src\app\wingull\pueblos\[pueblo]\_components\shared\cards\BasicCard.tsx","TypeScript","38","4","0"
".\src\app\smartrotom\tiempo\_hooks\useGetWeather.ts","TypeScript","38","9","0"
".\src\components\ui\navigation\BotonNav.tsx","TypeScript","37","7","0"
".\src\app\wingull\pueblos\[pueblo]\_components\shared\image\ImageIndicators.tsx","TypeScript","37","2","0"
".\src\hooks\starbank\useTransfer.ts","TypeScript","37","5","0"
".\src\types\index.ts","TypeScript","37","8","0"
".\src\providers\SpriteManifestProvider.tsx","TypeScript","37","7","3"
".\src\app\smartrotom\taxi\components\TaxiHeader.tsx","TypeScript","37","6","0"
".\src\app\smartrotom\(debug)\components\page.tsx","TypeScript","37","6","0"
".\src\app\battlesim\dex\_components\DexLayout.tsx","TypeScript","37","7","0"
".\src\app\smartrotom\arcade\voltorb\_components\Scoreboard.tsx","TypeScript","37","4","0"
".\src\app\smartrotom\starbank\_components\BankSection.tsx","TypeScript","37","6","0"
".\src\app\smartrotom\mewtwitch\_components\GameCard.tsx","TypeScript","37","4","1"
".\src\app\smartrotom\mewtwitch\user\_components\UserStats.tsx","TypeScript","36","4","0"
".\src\components\smartrotom\ficusai\PokemonHabitatCard.tsx","TypeScript","36","4","1"
".\src\app\smartrotom\arcade\_components\daily\DaysGrid.tsx","TypeScript","36","3","1"
".\src\app\(boffmedia)\(eventos)\eventos\_components\EventsLoading.tsx","TypeScript","36","2","0"
".\src\app\smartrotom\admin\_components\MatrixRain.tsx","TypeScript","36","14","10"
".\src\app\smartrotom\starbank\_components\AccountSelect.tsx","TypeScript","35","6","0"
".\src\app\smartrotom\pokedex\_types\spawnInfo.ts","TypeScript","35","6","0"
".\src\app\smartrotom\mewtube\video\_components\VideoStats.tsx","TypeScript","35","4","0"
".\src\app\smartrotom\taxi\components\RecentDestinations.tsx","TypeScript","35","4","0"
".\src\components\ui\Markdown.tsx","TypeScript","35","3","0"
".\src\components\smartrotom\RotomErrorBoundary.tsx","TypeScript","35","7","1"
".\src\app\wingull\pueblos\[pueblo]\_components\shared\decorative\HeroBackground.tsx","TypeScript","35","4","0"
".\src\app\(clones)\ciclosimitacion\_components\Header.tsx","TypeScript","35","3","0"
".\src\app\(boffmedia)\_components\layout\FloatingSection.tsx","TypeScript","35","2","0"
".\scripts\cloc-files-by-size.sh","Bourne Shell","35","9","4"
".\src\app\SocketStatus.tsx","TypeScript","35","4","0"
".\src\app\smartrotom\arcade\_components\StarsBackground.tsx","TypeScript","35","5","0"
".\src\app\smartrotom\admin\_components\ScanLine.tsx","TypeScript","35","3","0"
".\src\app\layout.tsx","TypeScript","35","7","2"
".\src\app\smartrotom\starbank\_components\DashBoardSkeleton.tsx","TypeScript","34","4","0"
".\src\app\smartrotom\mewtwitch\history\_components\History.tsx","TypeScript","34","4","0"
".\src\hooks\documents\useGetAllNews.ts","TypeScript","34","5","0"
".\src\app\wingull\pueblos\[pueblo]\_components\shared\section\SectionTemplate.tsx","TypeScript","34","3","0"
".\src\app\(boffmedia)\(eventos)\eventos\types.ts","TypeScript","34","4","0"
".\src\app\(boffmedia)\(eventos)\eventos\[id]\_components\LoadingSpinner.tsx","TypeScript","34","5","0"
".\src\app\smartrotom\arcade\_components\RainbowText.tsx","TypeScript","34","7","0"
".\src\app\battlesim\calc\_components\MoveSelector.tsx","TypeScript","34","2","0"
".\src\app\wingull\pueblos\[pueblo]\_components\shared\section\SectionHeader.tsx","TypeScript","33","2","0"
".\src\components\common\pokemon\PokemonTypeIcon.tsx","TypeScript","33","3","0"
".\src\components\ui\primitives\label.tsx","TypeScript","33","8","0"
".\src\app\smartrotom\taxi\components\TabNavigation.tsx","TypeScript","33","2","0"
".\src\app\(boffmedia)\(eventos)\clasificacion\_components\leaderboard\GeneralLeaderboard.tsx","TypeScript","33","5","0"
".\src\app\(boffmedia)\(herramientas)\mhwilds\builds\planner\_components\ElementalResistances.tsx","TypeScript","33","3","0"
".\src\app\(boffmedia)\_components\Unauthorized.tsx","TypeScript","33","3","0"
".\src\app\smartrotom\mina\ranking\page.tsx","TypeScript","32","3","0"
".\src\app\smartrotom\arcade\_components\daily\StreakNotifications.tsx","TypeScript","32","5","15"
".\src\app\wingull\pueblos\[pueblo]\_components\map\MapContainer.tsx","TypeScript","32","4","0"
".\src\app\smartrotom\taxi\types\map.types.ts","TypeScript","32","5","0"
".\src\app\(boffmedia)\(eventos)\eventos\sugerir\_components\SubmitButton.tsx","TypeScript","32","3","0"
".\src\app\(boffmedia)\(eventos)\eventos\_components\EventsGrid.tsx","TypeScript","32","2","0"
".\src\app\smartrotom\arcade\_components\ArcadeFooter.tsx","TypeScript","32","2","0"
".\src\app\(boffmedia)\(eventos)\juegos\_components\GamesGrid.tsx","TypeScript","32","2","0"
".\src\app\smartrotom\mewtwitch\clip\_components\TwitchClipPlayer.tsx","TypeScript","31","3","1"
".\src\components\ui\primitives\textarea.tsx","TypeScript","31","5","0"
".\src\services\api\smartrotom\appsService.ts","TypeScript","31","9","27"
".\src\app\battlesim\_utils\game.ts","TypeScript","31","17","8"
".\src\app\battlesim\calc\_components\panel\PokemonSelector.tsx","TypeScript","31","2","0"
".\src\app\smartrotom\arcade\voltorb\_components\ScorePopup.tsx","TypeScript","31","5","0"
".\src\app\smartrotom\liga\_types\Battle.ts","TypeScript","30","4","0"
".\src\app\smartrotom\furrettoday\_util.tsx","TypeScript","30","8","2"
".\src\app\wingull\_components\BackgroundDecorations.tsx","TypeScript","30","3","0"
".\src\types\dto\battle-team.dto.ts","TypeScript","30","5","0"
".\src\tools\pmd-sky\_components\WonderMailDisplay.tsx","TypeScript","30","2","0"
".\src\app\(boffmedia)\(herramientas)\pokemon\tcgpocket\_components\PercentageToDecimal.tsx","TypeScript","30","4","0"
".\src\app\(boffmedia)\(herramientas)\otros\keys\_components\KeysHeader.tsx","TypeScript","30","1","0"
".\src\app\battlesim\calc\_components\panel\MovesPanel.tsx","TypeScript","30","3","0"
".\src\app\smartrotom\arcade\test\tama\types.ts","TypeScript","30","4","0"
".\src\app\smartrotom\arcade\loot\_components\collection\CollectionStats.tsx","TypeScript","30","4","0"
".\src\app\wingull\pueblos\[pueblo]\_components\map\BoundaryOverlay.tsx","TypeScript","29","1","0"
".\src\app\smartrotom\starbank\layout.tsx","TypeScript","29","5","0"
".\src\app\wingull\pueblos\[pueblo]\_components\shared\decorative\DecorativeCorner.tsx","TypeScript","29","3","0"
".\tests\landing.spec.ts","TypeScript","29","14","13"
".\src\hooks\mina\useGetEnergy.ts","TypeScript","29","6","0"
".\src\app\smartrotom\starbank\_stores\useStarBankStore.ts","TypeScript","29","3","0"
".\src\app\(boffmedia)\(herramientas)\pokemon\tcgpocket\combates\_components\DeckDisplay.tsx","TypeScript","29","3","0"
".\src\app\(boffmedia)\(herramientas)\otros\keys\_components\Instructions.tsx","TypeScript","29","1","0"
".\src\app\(boffmedia)\layout.tsx","TypeScript","29","3","0"
".\src\app\smartrotom\misiones\_hooks\useGetRotomQuests.ts","TypeScript","29","4","0"
".\src\app\battlesim\dex\page.tsx","TypeScript","29","3","0"
".\src\hooks\useRotomRequest.ts","TypeScript","28","4","0"
".\src\hooks\useAudio.ts","TypeScript","28","6","3"
".\src\lib\ItemImage.tsx","TypeScript","28","5","0"
".\src\types\mina.ts","TypeScript","28","5","0"
".\src\lib\events.ts","TypeScript","28","3","9"
".\src\app\smartrotom\SmartRotomProviders.tsx","TypeScript","28","2","0"
".\src\app\smartrotom\(redirects)\pcold\page.tsx","TypeScript","28","4","0"
".\src\app\smartrotom\pokedex\_components\PokedexSection.tsx","TypeScript","28","1","0"
".\src\hooks\pokemon\useGetPokedex.ts","TypeScript","28","7","0"
".\src\components\smartrotom\ficusai\ChatMessages.tsx","TypeScript","28","4","0"
".\src\app\smartrotom\pokedex\entrada\[[...params]]\_components\TypeEffectivenessSection.tsx","TypeScript","27","2","0"
".\src\app\smartrotom\pasaporte\_components\IndexPage.tsx","TypeScript","27","3","0"
".\src\components\smartrotom\ui\badge.tsx","TypeScript","27","5","0"
".\src\app\smartrotom\taxi\hooks\useViewportDimensions.ts","TypeScript","27","7","3"
".\src\app\showdown\util\queryHandler.ts","TypeScript","27","4","0"
".\src\app\battlesim\dex\_components\TierBadge.tsx","TypeScript","27","4","0"
".\src\app\smartrotom\notas\_hooks\useGetDocuments.ts","TypeScript","27","3","0"
".\src\app\smartrotom\camara\_components\CameraControls.tsx","TypeScript","27","4","0"
".\src\components\smartrotom\ficusai\PokemonTypesCard.tsx","TypeScript","26","3","0"
".\src\components\smartrotom\ficusai\FicusAI.tsx","TypeScript","26","4","0"
".\src\components\smartrotom\ficusai\BiomeListCard.tsx","TypeScript","26","3","0"
".\src\tools\pmd-sky\_components\SettingsSection.tsx","TypeScript","26","4","0"
".\src\hooks\events\useCurrentParticipant.ts","TypeScript","26","5","0"
".\src\components\smartrotom\themes\index.ts","TypeScript","26","2","1"
".\src\app\wingull\pueblos\[pueblo]\_components\shared\decorative\GradientBar.tsx","TypeScript","26","2","0"
".\src\app\(boffmedia)\_components\ui\EventImage.tsx","TypeScript","26","5","0"
".\src\app\(boffmedia)\(herramientas)\pokemon\tcgpocket\combates\utils\calculateTotalRewards.ts","TypeScript","26","4","0"
".\src\app\(boffmedia)\(eventos)\clasificacion\_components\PlayerCard.tsx","TypeScript","26","3","0"
".\src\app\smartrotom\starbank\bankUtils.ts","TypeScript","26","7","0"
".\src\app\smartrotom\admin\_components\TerminalLabel.tsx","TypeScript","26","2","0"
".\src\app\smartrotom\(redirects)\cartel\route.tsx","TypeScript","26","5","1"
".\src\components\smartrotom\youtube\VideoCard.tsx","TypeScript","25","3","0"
".\src\app\wingull\pueblos\[pueblo]\_components\shared\decorative\FloatingAccent.tsx","TypeScript","25","3","0"
".\src\components\ui\display\LoadingSpinner.tsx","TypeScript","25","5","0"
".\src\tools\pmd-sky\_hooks\useWonderMail.ts","TypeScript","25","5","1"
".\src\components\ui\primitives\input.tsx","TypeScript","25","5","0"
".\src\app\(boffmedia)\(herramientas)\pokemon\tcgpocket\combates\types\index.ts","TypeScript","25","5","0"
".\src\app\(boffmedia)\(herramientas)\mhwilds\builds\planner\_components\utils.ts","TypeScript","25","5","3"
".\src\app\(boffmedia)\(herramientas)\pokemon\tcgpocket\types.ts","TypeScript","25","4","0"
".\src\app\smartrotom\arcade\loot\_hooks\useSpinnerAnimation.ts","TypeScript","25","3","0"
".\src\app\(boffmedia)\contacto\page.tsx","TypeScript","25","1","0"
".\src\components\ui\primitives\skeleton.tsx","TypeScript","24","5","0"
".\src\app\wingull\pueblos\[pueblo]\_components\shared\decorative\DecorativeDivider.tsx","TypeScript","24","2","0"
".\src\app\smartrotom\starbank\_components\AccountImage.tsx","TypeScript","24","5","1"
".\src\services\api\smartrotom\uploadService.ts","TypeScript","24","4","9"
".\src\types\documents.ts","TypeScript","24","2","0"
".\src\types\chatApp.ts","TypeScript","24","1","0"
".\src\services\mcef\mcefPlaceholders.ts","TypeScript","24","0","0"
".\src\app\smartrotom\pokedex\_hooks\usePokemonSprite.tsx","TypeScript","24","4","0"
".\src\app\(boffmedia)\admin\events\_components\games\GameEmptyState.tsx","TypeScript","24","3","0"
".\src\app\(boffmedia)\admin\events\_components\events\EventEmptyState.tsx","TypeScript","24","3","0"
".\src\app\(boffmedia)\admin\events\_components\achievements\AchievementEmptyState.tsx","TypeScript","24","3","0"
".\src\app\(boffmedia)\admin\events\_components\teams\TeamEmptyState.tsx","TypeScript","24","3","0"
".\src\app\smartrotom\arcade\test\tama\constants.ts","TypeScript","24","2","0"
".\src\app\showdown\util\types.ts","TypeScript","24","7","0"
".\src\app\battlesim\dex\_components\StatBar.tsx","TypeScript","24","3","1"
".\src\components\smartrotom\404.tsx","TypeScript","23","2","0"
".\src\app\smartrotom\mewtwitch\_components\ProfileHeader.tsx","TypeScript","23","3","0"
".\src\app\smartrotom\layout.tsx","TypeScript","23","2","0"
".\src\components\ui\ProfileImage.tsx","TypeScript","23","2","0"
".\src\components\smartrotom\twitch\GameCard.tsx","TypeScript","23","4","0"
".\src\components\smartrotom\Settings.tsx","TypeScript","23","3","0"
".\src\app\smartrotom\admin\_components\TerminalDecorations.tsx","TypeScript","23","4","0"
".\src\app\battlesim\calc\_components\GenerationSelector.tsx","TypeScript","23","3","0"
".\src\app\(boffmedia)\(eventos)\eventos\[id]\_components\Leaderboard.tsx","TypeScript","23","5","0"
".\src\app\smartrotom\furrettoday\_hooks\useGetNews.tsx","TypeScript","23","4","0"
".\src\app\smartrotom\arcade\voltorb\_components\VoltorbIcon.tsx","TypeScript","23","4","0"
".\src\app\smartrotom\admin\_components\TerminalHeader.tsx","TypeScript","23","2","0"
".\src\services\api\smartrotom\smartrotomService.ts","TypeScript","22","5","6"
".\src\components\smartrotom\youtube\ChannelCard.tsx","TypeScript","22","3","0"
".\src\tools\pmd-sky\_components\EuropeanVersionToggle.tsx","TypeScript","22","3","0"
".\src\types\intl.ts","TypeScript","22","6","7"
".\src\tools\pmd-sky\_components\PokemonSelector.tsx","TypeScript","22","2","0"
".\src\app\smartrotom\taxi\components\map\PlayerMarker.tsx","TypeScript","22","2","0"
".\src\app\smartrotom\admin\_components\EmptyState.tsx","TypeScript","22","2","0"
".\src\app\(clones)\ciclosimitacion\_components\Sidebar.tsx","TypeScript","22","3","0"
".\src\app\smartrotom\liga\camaralucha\ver\[id]\page.tsx","TypeScript","22","5","0"
".\src\app\smartrotom\pokedex\tipos\_components\TypeSelector.tsx","TypeScript","22","2","0"
".\src\app\smartrotom\mewtwitch\_components\TabsBlock.tsx","TypeScript","22","4","0"
".\src\providers\UserSocketListener.tsx","TypeScript","21","7","2"
".\src\providers\PokemonProvider.tsx","TypeScript","21","5","1"
".\src\tools\pmd-sky\_components\GenerateButton.tsx","TypeScript","21","3","0"
".\src\proxy.ts","TypeScript","21","7","12"
".\src\components\ui\Hora.tsx","TypeScript","21","4","1"
".\src\app\smartrotom\mewtube\video\_components\VideoPlayer.tsx","TypeScript","21","2","0"
".\src\app\battlesim\calc\_components\DamageResults.tsx","TypeScript","21","6","0"
".\src\components\smartrotom\WebExternav2.tsx","TypeScript","21","5","0"
".\src\app\smartrotom\pokedex\registro\[[...params]]\page.tsx","TypeScript","21","4","1"
".\src\services\middleware.ts","TypeScript","20","4","1"
".\src\hooks\events\useUpdateProgress.ts","TypeScript","20","4","0"
".\src\hooks\events\useCreateTeam.ts","TypeScript","20","3","0"
".\src\utils\pokemonTranslations.ts","TypeScript","20","7","33"
".\src\utils\auth-errors.ts","TypeScript","20","4","1"
".\src\services\useSocket.ts","TypeScript","20","5","0"
".\src\hooks\events\useCreateAchievement.ts","TypeScript","20","3","0"
".\src\app\smartrotom\arcade\loot\_components\selector\BoxInfo.tsx","TypeScript","20","4","0"
".\src\app\(boffmedia)\(herramientas)\_components\FileTree.tsx","TypeScript","20","3","0"
".\i18n.js","JavaScript","20","1","0"
".\src\components\ui\form\FormSectionHeader.tsx","TypeScript","20","1","0"
".\src\app\smartrotom\mina\page.tsx","TypeScript","20","2","0"
".\src\app\smartrotom\liga\camaralucha\page.tsx","TypeScript","20","4","22"
".\src\components\smartrotom\shared\BaseStats.tsx","TypeScript","19","4","0"
".\src\app\wingull\invitacion\[id]\page.tsx","TypeScript","19","3","0"
".\src\app\smartrotom\pokedex\_components\StatusIcon.tsx","TypeScript","19","3","0"
".\src\tools\pmd-sky\_components\Header.tsx","TypeScript","19","2","0"
".\src\hooks\events\useLeaveTeam.ts","TypeScript","19","4","0"
".\src\hooks\events\useJoinTeam.ts","TypeScript","19","4","0"
".\src\app\(boffmedia)\_components\layout\BoffLayout.tsx","TypeScript","19","1","0"
".\src\app\(boffmedia)\(herramientas)\pokemon\tcgpocket\sobres\[expansion]\page.tsx","TypeScript","19","3","0"
".\src\app\(boffmedia)\(herramientas)\pokemon\tcgpocket\combates\[id]\page.tsx","TypeScript","19","7","28"
".\src\app\smartrotom\arcade\test\tama\_components\TamagotchiButtons.tsx","TypeScript","19","2","0"
".\src\app\smartrotom\arcade\loot\_components\_main\ErrorDisplay.tsx","TypeScript","19","4","0"
".\src\app\battlesim\replay\_components\ReplayControlsButton.tsx","TypeScript","19","3","0"
".\src\hooks\pokemon\useGetImage.ts","TypeScript","18","3","0"
".\src\hooks\chatapp\useCreateMessage.ts","TypeScript","18","4","0"
".\src\types\starbank.ts","TypeScript","18","2","0"
".\src\services\useViewPortWidth.ts","TypeScript","18","7","0"
".\src\components\smartrotom\GlobalErrorThrower.tsx","TypeScript","18","3","0"
".\src\app\smartrotom\error.tsx","TypeScript","18","1","1"
".\src\app\(boffmedia)\page.tsx","TypeScript","18","3","0"
".\src\app\smartrotom\taxi\components\LoadingOverlay.tsx","TypeScript","18","1","0"
".\src\app\smartrotom\pc\types\common.ts","TypeScript","18","4","4"
".\src\hooks\events\useCreateGame.ts","TypeScript","17","4","0"
".\src\hooks\mina\useGetUnclaimed.ts","TypeScript","17","4","0"
".\src\hooks\misiones\useUpdateNPCs.ts","TypeScript","17","4","0"
".\src\hooks\documents\useUpdateActiveNews.ts","TypeScript","17","4","0"
".\src\hooks\documents\useUpdateNewsStatus.ts","TypeScript","17","4","0"
".\src\hooks\events\useCreateEvent.ts","TypeScript","17","4","0"
".\src\hooks\misiones\useUploadCustomNpcImage.ts","TypeScript","17","4","0"
".\src\utils\moveTranslations.ts","TypeScript","17","6","27"
".\src\utils\socketHelpers.ts","TypeScript","17","3","1"
".\src\utils\spriteUtils.ts","TypeScript","17","6","10"
".\src\hooks\starbank\useCreateAccount.ts","TypeScript","17","4","0"
".\src\hooks\starbank\useShop.ts","TypeScript","17","4","0"
".\src\hooks\starbank\useTrainerDefeat.ts","TypeScript","17","4","0"
".\src\hooks\documents\useSaveNote.ts","TypeScript","17","4","0"
".\src\app\battlesim\mods\teras\formats.ts","TypeScript","17","1","1"
".\src\app\smartrotom\mewtwitch\_components\StatsBlock.tsx","TypeScript","17","3","0"
".\src\app\smartrotom\page.tsx","TypeScript","17","1","0"
".\src\app\(blog)\blog\layout.tsx","TypeScript","17","2","0"
".\src\app\(boffmedia)\(herramientas)\pokemon\tcgpocket\combates\page.tsx","TypeScript","17","5","39"
".\src\app\battlesim\calc\page.tsx","TypeScript","17","4","0"
".\src\components\common\PlayOnMountAudio.tsx","TypeScript","17","2","0"
".\src\hooks\chatapp\useCreateChat.ts","TypeScript","17","4","0"
".\src\hooks\documents\useCreateNote.ts","TypeScript","17","4","0"
".\src\hooks\documents\useGetNewsById.ts","TypeScript","17","4","0"
".\src\components\smartrotom\ficusai\types.ts","TypeScript","17","2","0"
".\src\hooks\_main\usePostArceuSpeak.ts","TypeScript","17","4","0"
".\src\hooks\apps\useOrderApps.ts","TypeScript","17","3","0"
".\src\hooks\apps\useAddAppForPlayer.ts","TypeScript","16","4","0"
".\src\app\smartrotom\pasaporte\_types\Achievement.ts","TypeScript","16","0","0"
".\src\hooks\chatapp\useCall.ts","TypeScript","16","4","0"
".\src\hooks\apps\useRemoveAppForPlayer.ts","TypeScript","16","4","0"
".\src\app\(clones)\ciclosimitacion\dbunit\page.tsx","TypeScript","16","1","0"
".\src\app\(boffmedia)\(herramientas)\layout.tsx","TypeScript","16","3","0"
".\src\app\smartrotom\arcade\loot\_components\_main\LoadingOverlay.tsx","TypeScript","16","3","0"
".\src\app\battlesim\replay\page.tsx","TypeScript","16","2","0"
".\src\hooks\events\useGetEventAchievements.ts","TypeScript","15","2","0"
".\src\hooks\events\useGetEventTeams.ts","TypeScript","15","3","0"
".\src\components\common\PlayOnUnmountAudio.tsx","TypeScript","15","2","0"
".\src\components\smartrotom\types\call.ts","TypeScript","15","4","0"
".\src\stores\globalErrorStore.ts","TypeScript","15","4","1"
".\src\types\dto\pc-pokemon.dto.ts","TypeScript","15","3","0"
".\src\hooks\events\useGetLeaderboard.ts","TypeScript","15","3","0"
".\src\hooks\events\useGetTeamLeaderboard.ts","TypeScript","15","3","0"
".\src\app\smartrotom\chatapp\personatest.tsx","TypeScript","15","2","0"
".\src\app\smartrotom\liga\_types\Pokemon.ts","TypeScript","15","1","0"
".\src\app\battlesim\_components\PokemonTeam.tsx","TypeScript","15","3","0"
".\src\app\smartrotom\arcade\voltorb\_components\types.ts","TypeScript","15","2","0"
".\src\app\smartrotom\taxi\components\map\CompassRose.tsx","TypeScript","15","0","0"
".\src\app\smartrotom\taxi\utils\coordinate-utils.ts","TypeScript","15","2","0"
".\src\app\smartrotom\mina\_types\Drops.ts","TypeScript","15","1","0"
".\src\app\smartrotom\pokedex\layout.tsx","TypeScript","15","3","0"
".\src\lib\subdomain.ts","TypeScript","14","3","1"
".\src\hooks\achievements\useGetAchievements.ts","TypeScript","14","4","1"
".\src\providers\SocketProvider.tsx","TypeScript","14","6","1"
".\src\types\dto\create-news-dto.ts","TypeScript","14","0","0"
".\src\stores\useSessionStore.ts","TypeScript","14","2","0"
".\src\components\smartrotom\Loading.tsx","TypeScript","14","2","0"
".\src\app\smartrotom\mina\_components\LinkMina.tsx","TypeScript","14","1","0"
".\src\app\(boffmedia)\(herramientas)\otros\sorteos\_hooks\useGiveawayAnimation.ts","TypeScript","14","2","0"
".\src\app\smartrotom\pasaporte\util.ts","TypeScript","14","2","0"
".\src\components\common\pokemon\PokemonItemImage.tsx","TypeScript","14","3","0"
".\src\app\smartrotom\pc\utils\pokemonUtils.ts","TypeScript","14","4","0"
".\src\app\wingull\pueblos\[pueblo]\utils.ts","TypeScript","13","1","0"
".\src\app\smartrotom\starbank\_hooks\useStarBank.ts","TypeScript","13","3","0"
".\src\app\battlesim\replay\[name]\page.tsx","TypeScript","13","3","0"
".\src\utils\refreshSession.ts","TypeScript","13","4","3"
".\src\services\useFetchSession.ts","TypeScript","13","2","0"
".\src\hooks\player\useGetBattleTeams.ts","TypeScript","13","2","0"
".\src\app\(boffmedia)\admin\events\_components\games\GameLoadingState.tsx","TypeScript","13","2","0"
".\src\app\(boffmedia)\admin\events\_components\events\EventLoadingState.tsx","TypeScript","13","2","0"
".\src\app\(boffmedia)\admin\events\_components\achievements\AchievementLoadingState.tsx","TypeScript","13","2","0"
".\src\app\GlobalProviders.tsx","TypeScript","13","1","0"
".\src\app\(clones)\ciclosimitacion\_components\TopBar.tsx","TypeScript","13","1","0"
".\src\app\(boffmedia)\admin\events\_components\teams\TeamLoadingState.tsx","TypeScript","13","2","0"
".\src\hooks\pokemon\useGetNextPrev.ts","TypeScript","12","3","0"
".\src\hooks\pokemon\useGetMoves.ts","TypeScript","12","3","0"
".\src\hooks\pokemon\useGetPokemonByBiome.ts","TypeScript","12","3","0"
".\src\hooks\pokemon\useGetPokemonByMove.ts","TypeScript","12","3","0"
".\src\hooks\pokemon\useGetPokemonByDex.ts","TypeScript","12","3","0"
".\src\hooks\pokemon\useGetMove.ts","TypeScript","12","3","0"
".\src\hooks\pokemon\useGetAllPokemon.ts","TypeScript","12","3","0"
".\src\hooks\pokemon\useGetAllMoves.ts","TypeScript","12","3","0"
".\src\hooks\pokemon\useGetBiomes.ts","TypeScript","12","3","0"
".\src\hooks\pokemon\useGetItemSprite.ts","TypeScript","12","3","0"
".\src\hooks\pokemon\useGetEvoTree.ts","TypeScript","12","3","0"
".\src\hooks\starbank\useGetTransactions.ts","TypeScript","12","3","0"
".\src\hooks\starbank\useGetBalance.ts","TypeScript","12","3","0"
".\src\hooks\starbank\useGetTransfers.ts","TypeScript","12","3","0"
".\src\tools\pmd-sky\_hooks\useCopyToClipboard.ts","TypeScript","12","3","0"
".\src\hooks\users\useGetAllUsers.ts","TypeScript","12","3","0"
".\src\hooks\starbank\useGetAllAccounts.ts","TypeScript","12","3","0"
".\src\hooks\pokemon\useGetRegistries.ts","TypeScript","12","3","0"
".\src\hooks\pokemon\useGetPokemonNames.ts","TypeScript","12","3","0"
".\src\hooks\pokemon\useSearchPokemonByName.ts","TypeScript","12","3","0"
".\src\hooks\starbank\useGetAccounts.ts","TypeScript","12","3","0"
".\src\hooks\regions\useGetRegions.ts","TypeScript","12","3","0"
".\src\hooks\pokemon\useGetAbility.ts","TypeScript","12","2","0"
".\src\hooks\documents\useGetDocument.ts","TypeScript","12","3","0"
".\src\hooks\chatapp\useGetMessages.ts","TypeScript","12","3","0"
".\src\hooks\documents\useGetNotes.ts","TypeScript","12","3","0"
".\src\hooks\events\useGetEvent.ts","TypeScript","12","3","0"
".\src\hooks\events\useGetAchievements.ts","TypeScript","12","3","0"
".\src\hooks\chatapp\useGetChats.ts","TypeScript","12","3","0"
".\src\hooks\_main\useGetArceuSpeak.ts","TypeScript","12","3","0"
".\scripts\run-cloc.sh","Bourne Shell","12","2","2"
".\src\hooks\_main\useGetPerformance.ts","TypeScript","12","4","0"
".\src\hooks\apps\useGetAppsForPlayer.ts","TypeScript","12","3","0"
".\src\hooks\apps\useFindAllApps.ts","TypeScript","12","3","0"
".\src\hooks\misiones\useGetAllQuests.ts","TypeScript","12","3","0"
".\src\hooks\mina\useGetHistory.ts","TypeScript","12","3","0"
".\src\hooks\misiones\useGetQuestsForUser.ts","TypeScript","12","3","0"
".\src\hooks\player\useGetPlayerTeam.ts","TypeScript","12","3","0"
".\src\hooks\player\useGetPlayerStats.ts","TypeScript","12","3","0"
".\src\hooks\liga\useGetReplay.ts","TypeScript","12","2","0"
".\src\hooks\events\useGetGame.ts","TypeScript","12","3","0"
".\src\hooks\events\useGetEvents.ts","TypeScript","12","3","0"
".\src\hooks\events\useGetGames.ts","TypeScript","12","3","0"
".\src\hooks\events\useGetTeams.ts","TypeScript","12","3","0"
".\src\hooks\events\useGetLeaderboards.ts","TypeScript","12","3","0"
".\src\hooks\pokemon\useGetPokemonByAbility.ts","TypeScript","11","2","0"
".\src\hooks\pokemon\useGetAllAbilities.ts","TypeScript","11","2","0"
".\src\app\wingull\_components\Footer.tsx","TypeScript","11","0","0"
".\src\types\dto\create-medal.dto.ts","TypeScript","11","0","0"
".\src\tools\pmd-sky\_components\index.ts","TypeScript","11","0","2"
".\src\providers\SessionProvider.tsx","TypeScript","11","2","0"
".\src\app\(boffmedia)\(eventos)\layout.tsx","TypeScript","11","0","0"
".\src\app\(boffmedia)\(eventos)\juegos\_components\GamesList.tsx","TypeScript","11","1","0"
".\src\app\(boffmedia)\(eventos)\eventos\_components\EventsList.tsx","TypeScript","11","1","0"
".\src\app\smartrotom\mewtwitch\page.tsx","TypeScript","11","2","0"
".\src\app\smartrotom\mewtube\page.tsx","TypeScript","11","2","0"
".\src\app\(boffmedia)\(herramientas)\otros\sorteos\types.ts","TypeScript","11","1","0"
".\src\types\dto\battle-achievement-dto.ts","TypeScript","10","1","0"
".\src\types\dto\create-event.dto.ts","TypeScript","10","0","0"
".\src\utils\breadcrumb-rewrite.ts","TypeScript","10","3","0"
".\src\app\auth\unauthorized\page.tsx","TypeScript","10","0","0"
".\src\app\smartrotom\furrettoday\editar\page.tsx","TypeScript","10","3","1"
".\src\app\smartrotom\taxi\utils\constants.ts","TypeScript","10","2","2"
".\src\app\smartrotom\mewtwitch\history\page.tsx","TypeScript","9","1","0"
".\src\app\smartrotom\mewtube\history\page.tsx","TypeScript","9","1","0"
".\src\app\smartrotom\liga\_types\Logro.ts","TypeScript","9","2","0"
".\src\components\smartrotom\shared\index.ts","TypeScript","9","1","2"
".\src\components\smartrotom\apps\AppList.tsx","TypeScript","9","2","0"
".\src\app\smartrotom\not-found.tsx","TypeScript","9","0","0"
".\src\app\api\auth\signin\page.tsx","TypeScript","9","1","0"
".\src\app\(boffmedia)\(herramientas)\pokemon\tcgpocket\galeria\[username]\page.tsx","TypeScript","9","1","0"
".\scripts\run-cloc.ps1","PowerShell","9","3","1"
".\src\app\battlesim\mods\teras\abilities.ts","TypeScript","9","2","0"
".\src\app\battlesim\_utils\BattleBackground.ts","TypeScript","9","2","11"
".\src\app\auth\page.tsx","TypeScript","9","2","0"
".\src\types\dto\create-achievement.dto.ts","TypeScript","8","0","0"
".\src\components\smartrotom\ficusai\index.ts","TypeScript","8","0","0"
".\src\app\test\page.tsx","TypeScript","8","1","0"
".\src\types\region.ts","TypeScript","8","2","0"
".\src\types\dto\create-shop-transaction-dto.ts","TypeScript","8","2","0"
".\src\types\dto\create-document.dto.ts","TypeScript","8","1","0"
".\src\app\smartrotom\arcade\maze\page.tsx","TypeScript","8","2","0"
".\src\app\smartrotom\arcade\loot\_utils\calculateLootBoxOdds.ts","TypeScript","8","3","8"
".\src\app\(boffmedia)\blanco\page.tsx","TypeScript","8","1","0"
".\src\app\smartrotom\notas\_types\Document.ts","TypeScript","8","1","0"
".\src\app\smartrotom\mina\_types\History.ts","TypeScript","8","2","0"
".\src\app\smartrotom\liga\page.tsx","TypeScript","8","1","0"
".\src\app\smartrotom\chatapp\_components\SystemMessage.tsx","TypeScript","7","0","0"
".\src\app\localtest\page.tsx","TypeScript","7","0","0"
".\src\services\api\smartrotom\ligaService.ts","TypeScript","7","3","3"
".\src\app\smartrotom\mina\_components\MenuWrapper.tsx","TypeScript","7","0","0"
".\src\app\battlesim\TerasDex.ts","TypeScript","7","4","0"
".\src\app\(blog)\blog\page.tsx","TypeScript","7","1","0"
".\src\app\battlesim\mods\teras\index.ts","TypeScript","7","0","0"
".\src\app\battlesim\_components\LogComponent.tsx","TypeScript","7","2","0"
".\src\types\dto\create-transfer-dto.ts","TypeScript","6","2","0"
".\src\types\dto\create-team.dto.ts","TypeScript","6","0","0"
".\src\types\dto\taxi-stop.dto.ts","TypeScript","6","0","0"
".\src\types\dto\update-progress.dto.ts","TypeScript","6","0","0"
".\src\types\dto\transfer-from-main-dto.ts","TypeScript","6","0","0"
".\src\types\dto\create-game.dto.ts","TypeScript","6","0","0"
".\src\app\battlesim\page.tsx","TypeScript","6","1","0"
".\postcss.config.js","JavaScript","6","0","0"
".\src\app\smartrotom\404\page.tsx","TypeScript","6","1","0"
".\src\app\smartrotom\notas\page.tsx","TypeScript","6","2","0"
".\src\app\smartrotom\arcade\test\page.tsx","TypeScript","6","1","0"
".\src\services\api\smartrotom\regionService.ts","TypeScript","5","2","0"
".\src\components\smartrotom\WebExterna.tsx","TypeScript","5","0","0"
".\src\types\dto\create-chat-dto.ts","TypeScript","5","1","0"
".\src\types\dto\update-achievement-progress.dto.ts","TypeScript","5","1","0"
".\src\types\dto\create-user.dto.ts","TypeScript","5","0","0"
".\src\app\battlesim\mods\teras\formats-data.ts","TypeScript","5","2","0"
".\src\app\(boffmedia)\(eventos)\index.ts","TypeScript","5","0","1"
".\src\app\smartrotom\arcade\test\_util\constants.ts","TypeScript","5","0","0"
".\src\components\boffmedia\sections\index.ts","TypeScript","5","0","0"
".\src\app\smartrotom\liga\utils.ts","TypeScript","5","1","0"
".\src\types\dto\create-account-dto.ts","TypeScript","4","2","0"
".\src\types\dto\create-chat-message-dto.ts","TypeScript","4","1","0"
".\src\lib\drag-and-drop.ts","TypeScript","4","1","3"
".\src\lib\toast.ts","TypeScript","4","2","0"
".\src\types\dto\teleport-player.dto.ts","TypeScript","4","0","0"
".\src\types\dto\trainer-defeat-money-dto.ts","TypeScript","4","2","0"
".\src\types\dto\news-status-dto.ts","TypeScript","4","0","0"
".\src\types\dto\npc-image-dto.ts","TypeScript","4","0","0"
".\src\app\smartrotom\pc\utils\constants.ts","TypeScript","4","0","1"
".\src\app\(boffmedia)\perfil\page.tsx","TypeScript","4","1","0"
".\src\app\api\auth\[...nextauth]\route.ts","TypeScript","4","3","0"
".\src\app\(boffmedia)\(herramientas)\otros\keys\page.tsx","TypeScript","4","1","0"
".\src\app\(boffmedia)\(herramientas)\pokemon\pmdsky\page.tsx","TypeScript","4","1","0"
".\src\app\smartrotom\(redirects)\showdown\page.tsx","TypeScript","4","1","0"
".\src\app\smartrotom\arcade\squirdle\page.tsx","TypeScript","4","2","0"
".\src\app\smartrotom\(redirects)\mapa\page.tsx","TypeScript","4","1","0"
".\src\app\smartrotom\(redirects)\navegador\page.tsx","TypeScript","4","1","0"
".\src\tools\pmd-sky\_hooks\index.ts","TypeScript","3","0","0"
".\src\context\SubdomainContext.tsx","TypeScript","3","2","0"
".\src\types\dto\uuid-dto.ts","TypeScript","3","0","0"
".\src\types\dto\join-team.dto.ts","TypeScript","3","0","0"
".\src\app\battlesim\mods\teras\scripts.ts","TypeScript","3","1","0"
".\src\app\battlesim\mods\teras\items.ts","TypeScript","3","2","0"
".\src\app\battlesim\_utils\battleUtils.ts","TypeScript","3","0","0"
".\src\app\battlesim\mods\teras\moves.ts","TypeScript","3","2","0"
".\src\app\battlesim\mods\teras\learnsets.ts","TypeScript","3","1","0"
".\src\types\dto\update-user.dto.ts","TypeScript","2","1","0"
".\src\components\common\ckeditor\ckeditor.js","JavaScript","2","0","4"
".\next-env.d.ts","TypeScript","1","1","4"
".\src\app\smartrotom\chatapp\page copy.tsx","TypeScript","0","12","38"
".\src\app\battlesim\replay\page2.tsx","TypeScript","0","20","378"
".\src\app\battlesim\_components\BattleCanvas copy.tsx","TypeScript","0","11","85"
